{
    "spawnWeight": 1,
    "name": "Player",
    "characterTypes": [
        "SurvivorM_Mirek",
        "SurvivorM_Boris",
        "SurvivorM_Cyril",
        "SurvivorM_Denis",
        "SurvivorM_Elias",
        "SurvivorM_Francis",
        "SurvivorM_Guo",
        "SurvivorM_Hassan",
        "SurvivorM_Indar",
        "SurvivorM_Jose",
        "SurvivorM_Kaito",
        "SurvivorM_Lewis",
        "SurvivorM_Manua",
        "SurvivorM_Niki",
        "SurvivorM_Oliver",
        "SurvivorM_Peter",
        "SurvivorM_Quinn",
        "SurvivorM_Rolf",
        "SurvivorM_Seth",
        "SurvivorM_Taiki",
        "SurvivorF_Eva",
        "SurvivorF_Frida",
        "SurvivorF_Gabi",
        "SurvivorF_Helga",
        "SurvivorF_Irena",
        "SurvivorF_Judy",
        "SurvivorF_Keiko",
        "SurvivorF_Linda",
        "SurvivorF_Maria",
        "SurvivorF_Naomi",
        "SurvivorF_Baty"
    ],
    "attachmentSlotItemSets": [
        {
            "slotName": "Body",
            "discreteItemSets": [
                {
                    "itemType": "Hoodie_Black",
                    "spawnWeight": 1,
                    "attributes": {
                        "healthMin": 0.9,
                        "healthMax": 0.99,
                        "quantityMin": 1.0,
                        "quantityMax": 1.0
                    },
                    "quickBarSlot": -1
                },
                {
                    "itemType": "Hoodie_Blue",
                    "spawnWeight": 1,
                    "attributes": {
                        "healthMin": 0.9,
                        "healthMax": 0.99,
                        "quantityMin": 1.0,
                        "quantityMax": 1.0
                    },
                    "quickBarSlot": -1
                },
                {
                    "itemType": "Hoodie_Brown",
                    "spawnWeight": 1,
                    "attributes": {
                        "healthMin": 0.9,
                        "healthMax": 0.99,
                        "quantityMin": 1.0,
                        "quantityMax": 1.0
                    },
                    "quickBarSlot": -1
                },
                {
                    "itemType": "Hoodie_Green",
                    "spawnWeight": 1,
                    "attributes": {
                        "healthMin": 0.9,
                        "healthMax": 0.99,
                        "quantityMin": 1.0,
                        "quantityMax": 1.0
                    },
                    "quickBarSlot": -1
                },
                {
                    "itemType": "Hoodie_Grey",
                    "spawnWeight": 1,
                    "attributes": {
                        "healthMin": 0.9,
                        "healthMax": 0.99,
                        "quantityMin": 1.0,
                        "quantityMax": 1.0
                    },
                    "quickBarSlot": -1
                },
                {
                    "itemType": "Hoodie_Red",
                    "spawnWeight": 1,
                    "attributes": {
                        "healthMin": 0.9,
                        "healthMax": 0.99,
                        "quantityMin": 1.0,
                        "quantityMax": 1.0
                    },
                    "quickBarSlot": -1
                },
                {
                    "itemType": "Shirt_BlueCheck",
                    "spawnWeight": 1,
                    "attributes": {
                        "healthMin": 0.9,
                        "healthMax": 0.99,
                        "quantityMin": 1.0,
                        "quantityMax": 1.0
                    },
                    "quickBarSlot": -1
                },
                {
                    "itemType": "Shirt_GreenCheck",
                    "spawnWeight": 1,
                    "attributes": {
                        "healthMin": 0.9,
                        "healthMax": 0.99,
                        "quantityMin": 1.0,
                        "quantityMax": 1.0
                    },
                    "quickBarSlot": -1
                },
                {
                    "itemType": "Shirt_PlaneBlack",
                    "spawnWeight": 1,
                    "attributes": {
                        "healthMin": 0.9,
                        "healthMax": 0.99,
                        "quantityMin": 1.0,
                        "quantityMax": 1.0
                    },
                    "quickBarSlot": -1
                }                  
            ]
        },
        {
            "slotName": "Legs",
            "discreteItemSets": [
                {
                    "itemType": "CargoPants_Beige",
                    "spawnWeight": 1,
                    "attributes": {
                        "healthMin": 0.9,
                        "healthMax": 0.99,
                        "quantityMin": 1.0,
                        "quantityMax": 1.0
                    },
                    "quickBarSlot": -1
                },
                {
                    "itemType": "CargoPants_Black",
                    "spawnWeight": 1,
                    "attributes": {
                        "healthMin": 0.9,
                        "healthMax": 0.99,
                        "quantityMin": 1.0,
                        "quantityMax": 1.0
                    },
                    "quickBarSlot": -1
                },
                {
                    "itemType": "CargoPants_Blue",
                    "spawnWeight": 1,
                    "attributes": {
                        "healthMin": 0.9,
                        "healthMax": 0.99,
                        "quantityMin": 1.0,
                        "quantityMax": 1.0
                    },
                    "quickBarSlot": -1
                },
                {
                    "itemType": "CargoPants_Green",
                    "spawnWeight": 1,
                    "attributes": {
                        "healthMin": 0.9,
                        "healthMax": 0.99,
                        "quantityMin": 1.0,
                        "quantityMax": 1.0
                    },
                    "quickBarSlot": -1
                },
                {
                    "itemType": "CargoPants_Grey",
                    "spawnWeight": 1,
                    "attributes": {
                        "healthMin": 0.9,
                        "healthMax": 0.99,
                        "quantityMin": 1.0,
                        "quantityMax": 1.0
                    },
                    "quickBarSlot": -1
                }
            ]
        },
        {
            "slotName": "Feet",
            "discreteItemSets": [
                {
                    "itemType": "AthleticShoes_Black",
                    "spawnWeight": 1,
                    "attributes": {
                    "healthMin": 0.9,
                        "healthMax": 0.99,
                        "quantityMin": 1.0,
                        "quantityMax": 1.0
                    },
                    "quickBarSlot": -1
                },
                {
                    "itemType": "AthleticShoes_Blue",
                    "spawnWeight": 1,
                    "attributes": {
                        "healthMin": 0.9,
                        "healthMax": 0.99,
                        "quantityMin": 1.0,
                        "quantityMax": 1.0
                    },
                    "quickBarSlot": -1
                },
                {
                    "itemType": "AthleticShoes_Brown",
                    "spawnWeight": 1,
                    "attributes": {
                    "healthMin": 0.9,
                        "healthMax": 0.99,
                        "quantityMin": 1.0,
                        "quantityMax": 1.0
                    },
                    "quickBarSlot": -1
                },
                {
                    "itemType": "AthleticShoes_Green",
                    "spawnWeight": 1,
                    "attributes": {
                        "healthMin": 0.9,
                        "healthMax": 0.99,
                        "quantityMin": 1.0,
                        "quantityMax": 1.0
                    },
                    "quickBarSlot": -1
                },
                {
                    "itemType": "AthleticShoes_Grey",
                    "spawnWeight": 1,
                    "attributes": {
                        "healthMin": 0.9,
                        "healthMax": 0.99,
                        "quantityMin": 1.0,
                        "quantityMax": 1.0
                    },
                    "quickBarSlot": -1
                }
            ]
        }
    ],
    "discreteUnsortedItemSets": [
            {
                "name": "Cargo1",
                "spawnWeight": 1,
                "attributes": {
                    "healthMin": 1.0,
                    "healthMax": 1.0,
                    "quantityMin": 1.0,
                    "quantityMax": 1.0
                },
                "complexChildrenTypes": [
                    {
                        "itemType": "BandageDressing",
                        "attributes": {
                            "healthMin": 1.0,
                            "healthMax": 1.0,
                            "quantityMin": 1.0,
                            "quantityMax": 1.0
                        },
                        "quickBarSlot": 2
                    },
                    {
                        "itemType": "Chemlight_Red",
                        "attributes": {
                            "healthMin": 1.0,
                            "healthMax": 1.0,
                            "quantityMin": 1.0,
                            "quantityMax": 1.0
                        },
                        "quickBarSlot": 1
                    },
                    {
                        "itemType": "Pear",
                        "attributes": {
                            "healthMin": 1.0,
                            "healthMax": 1.0,
                            "quantityMin": 1.0,
                            "quantityMax": 1.0
                        },
                        "quickBarSlot": -1
                    },
					 {
                        "itemType": "Pear",
                        "attributes": {
                            "healthMin": 1.0,
                            "healthMax": 1.0,
                            "quantityMin": 1.0,
                            "quantityMax": 1.0
                        },
                        "quickBarSlot": -1
                    },
					{
                        "itemType": "SodaCan_Cola",
                        "attributes": {
                            "healthMin": 1.0,
                            "healthMax": 1.0,
                            "quantityMin": 1.0,
                            "quantityMax": 1.0
                        },
                        "quickBarSlot": -1
                    },
					{
                        "itemType": "TetracyclineAntibiotics",
                        "attributes": {
                            "healthMin": 1.0,
                            "healthMax": 1.0,
                            "quantityMin": 40,
                            "quantityMax": 50
                        },
                        "quickBarSlot": -1
                    },
						{
                        "itemType": "ChernarusMap",
                        "attributes": {
                            "healthMin": 1.0,
                            "healthMax": 1.0,
                            "quantityMin": 1.0,
                            "quantityMax": 1.0
                        },
                        "quickBarSlot": 5
                    },
					{
                        "itemType": "OrienteeringCompass",
                        "attributes": {
                            "healthMin": 1.0,
                            "healthMax": 1.0,
                            "quantityMin": 1.0,
                            "quantityMax": 1.0
                        },
                        "quickBarSlot": 4
                    },
					{
                        "itemType": "HuntingKnife",
                        "attributes": {
                            "healthMin": 1.0,
                            "healthMax": 1.0,
                            "quantityMin": 1.0,
                            "quantityMax": 1.0
                        },
                        "quickBarSlot": 3
                    }
                ]
            },
            {
                "name": "Cargo2",
                "spawnWeight": 1,
                "attributes": {
                    "healthMin": 1.0,
                    "healthMax": 1.0,
                    "quantityMin": 1.0,
                    "quantityMax": 1.0
                },
                "complexChildrenTypes": [
                    {
                        "itemType": "BandageDressing",
                        "attributes": {
                            "healthMin": 1.0,
                            "healthMax": 1.0,
                            "quantityMin": 1.0,
                            "quantityMax": 1.0
                        },
                        "quickBarSlot": 2
                    },
                    {
                        "itemType": "Chemlight_Green",
                        "attributes": {
                            "healthMin": 1.0,
                            "healthMax": 1.0,
                            "quantityMin": 1.0,
                            "quantityMax": 1.0
                        },
                        "quickBarSlot": 1
                    },
                    {
                        "itemType": "Pear",
                        "attributes": {
                            "healthMin": 1.0,
                            "healthMax": 1.0,
                           "quantityMin": 1.0,
                            "quantityMax": 1.0
                        },
                        "quickBarSlot": -1
                    },
					 {
                        "itemType": "Pear",
                        "attributes": {
                            "healthMin": 1.0,
                            "healthMax": 1.0,
                            "quantityMin": 1.0,
                            "quantityMax": 1.0
                        },
                        "quickBarSlot": -1
                    },
					{
                        "itemType": "SodaCan_Fronta",
                        "attributes": {
                            "healthMin": 1.0,
                            "healthMax": 1.0,
                            "quantityMin": 1.0,
                            "quantityMax": 1.0
                        },
                        "quickBarSlot": -1
                    },
					{
                        "itemType": "TetracyclineAntibiotics",
                        "attributes": {
                            "healthMin": 1.0,
                            "healthMax": 1.0,
                            "quantityMin": 40,
                            "quantityMax": 50
                        },
                        "quickBarSlot": -1
                    },
						{
                        "itemType": "ChernarusMap",
                        "attributes": {
                            "healthMin": 1.0,
                            "healthMax": 1.0,
                            "quantityMin": 1.0,
                            "quantityMax": 1.0
                        },
                        "quickBarSlot": 5
                    },
					{
                        "itemType": "OrienteeringCompass",
                        "attributes": {
                            "healthMin": 1.0,
                            "healthMax": 1.0,
                            "quantityMin": 1.0,
                            "quantityMax": 1.0
                        },
                        "quickBarSlot": 4
                    },
					{
                        "itemType": "HuntingKnife",
                        "attributes": {
                            "healthMin": 1.0,
                            "healthMax": 1.0,
                            "quantityMin": 1.0,
                            "quantityMax": 1.0
                        },
                        "quickBarSlot": 3
                    }
                ]
            },
            {
                "name": "Cargo3",
                "spawnWeight": 1,
                "attributes": {
                    "healthMin": 1.0,
                    "healthMax": 1.0,
                    "quantityMin": 1.0,
                    "quantityMax": 1.0
                },
                "complexChildrenTypes": [
                    {
                        "itemType": "BandageDressing",
                        "attributes": {
                            "healthMin": 1.0,
                            "healthMax": 1.0,
                            "quantityMin": 1.0,
                            "quantityMax": 1.0
                        },
                        "quickBarSlot": 2
                    },
                    {
                        "itemType": "Chemlight_Yellow",
                        "attributes": {
                            "healthMin": 1.0,
                            "healthMax": 1.0,
                            "quantityMin": 1.0,
                            "quantityMax": 1.0
                        },
                        "quickBarSlot": 1
                    },
                    {
                        "itemType": "Pear",
                        "attributes": {
                            "healthMin": 1.0,
                            "healthMax": 1.0,
                        "quantityMin": 1.0,
                            "quantityMax": 1.0
                        },
                        "quickBarSlot": -1
                    },
					 {
                        "itemType": "Pear",
                        "attributes": {
                            "healthMin": 1.0,
                            "healthMax": 1.0,
                            "quantityMin": 1.0,
                            "quantityMax": 1.0
                        },
                        "quickBarSlot": -1
                    },
					{
                        "itemType": "SodaCan_Kvass",
                        "attributes": {
                            "healthMin": 1.0,
                            "healthMax": 1.0,
                            "quantityMin": 1.0,
                            "quantityMax": 1.0
                        },
                        "quickBarSlot": -1
                    },
					{
                        "itemType": "TetracyclineAntibiotics",
                        "attributes": {
                            "healthMin": 1.0,
                            "healthMax": 1.0,
                            "quantityMin": 40,
                            "quantityMax": 50
                        },
                        "quickBarSlot": -1
                    },
						{
                        "itemType": "ChernarusMap",
                        "attributes": {
                            "healthMin": 1.0,
                            "healthMax": 1.0,
                            "quantityMin": 1.0,
                            "quantityMax": 1.0
                        },
                        "quickBarSlot": 5
                    },
					{
                        "itemType": "OrienteeringCompass",
                        "attributes": {
                            "healthMin": 1.0,
                            "healthMax": 1.0,
                            "quantityMin": 1.0,
                            "quantityMax": 1.0
                        },
                        "quickBarSlot": 4
                    },
					{
                        "itemType": "HuntingKnife",
                        "attributes": {
                            "healthMin": 1.0,
                            "healthMax": 1.0,
                            "quantityMin": 1.0,
                            "quantityMax": 1.0
                        },
                        "quickBarSlot": 3
                    }
                ]
            },
            {
                "name": "Cargo4",
                "spawnWeight": 1,
                "attributes": {
                    "healthMin": 1.0,
                    "healthMax": 1.0,
                    "quantityMin": 1.0,
                    "quantityMax": 1.0
                },
                "complexChildrenTypes": [
                    {
                        "itemType": "BandageDressing",
                        "attributes": {
                            "healthMin": 1.0,
                            "healthMax": 1.0,
                            "quantityMin": 1.0,
                            "quantityMax": 1.0
                        },
                        "quickBarSlot": 2
                    },
                    {
                        "itemType": "Chemlight_White",
                        "attributes": {
                            "healthMin": 1.0,
                            "healthMax": 1.0,
                            "quantityMin": 1.0,
                            "quantityMax": 1.0
                        },
                        "quickBarSlot": 1
                    },
                    {
                        "itemType": "Pear",
                        "attributes": {
                            "healthMin": 1.0,
                            "healthMax": 1.0,
                          "quantityMin": 1.0,
                            "quantityMax": 1.0
                        },
                        "quickBarSlot": -1
                    },
					 {
                        "itemType": "Pear",
                        "attributes": {
                            "healthMin": 1.0,
                            "healthMax": 1.0,
                            "quantityMin": 1.0,
                            "quantityMax": 1.0
                        },
                        "quickBarSlot": -1
                    },
					{
                        "itemType": "SodaCan_Pipsi",
                        "attributes": {
                            "healthMin": 1.0,
                            "healthMax": 1.0,
                            "quantityMin": 1.0,
                            "quantityMax": 1.0
                        },
                        "quickBarSlot": -1
                    },
					{
                        "itemType": "TetracyclineAntibiotics",
                        "attributes": {
                            "healthMin": 1.0,
                            "healthMax": 1.0,
                            "quantityMin": 40,
                            "quantityMax": 50
                        },
                        "quickBarSlot": -1
                    },
						{
                        "itemType": "ChernarusMap",
                        "attributes": {
                            "healthMin": 1.0,
                            "healthMax": 1.0,
                            "quantityMin": 1.0,
                            "quantityMax": 1.0
                        },
                        "quickBarSlot": 5
                    },
					{
                        "itemType": "OrienteeringCompass",
                        "attributes": {
                            "healthMin": 1.0,
                            "healthMax": 1.0,
                            "quantityMin": 1.0,
                            "quantityMax": 1.0
                        },
                        "quickBarSlot": 4
                    },
					{
                        "itemType": "HuntingKnife",
                        "attributes": {
                            "healthMin": 1.0,
                            "healthMax": 1.0,
                            "quantityMin": 1.0,
                            "quantityMax": 1.0
                        },
                        "quickBarSlot": 3
                    }
                ]
            },
            {
                "name": "Cargo5",
                "spawnWeight": 1,
                "attributes": {
                    "healthMin": 1.0,
                    "healthMax": 1.0,
                    "quantityMin": 1.0,
                    "quantityMax": 1.0
                },
                "complexChildrenTypes": [
                    {
                        "itemType": "BandageDressing",
                        "attributes": {
                            "healthMin": 1.0,
                            "healthMax": 1.0,
                            "quantityMin": 1.0,
                            "quantityMax": 1.0
                        },
                        "quickBarSlot": 2
                    },
                    {
                        "itemType": "Chemlight_Red",
                        "attributes": {
                            "healthMin": 1.0,
                            "healthMax": 1.0,
                            "quantityMin": 1.0,
                            "quantityMax": 1.0
                        },
                        "quickBarSlot": 1
                    },
                    {
                        "itemType": "Plum",
                        "attributes": {
                            "healthMin": 1.0,
                            "healthMax": 1.0,
                           "quantityMin": 1.0,
                            "quantityMax": 1.0
                        },
                        "quickBarSlot": -1
                    },
					{
                        "itemType": "Plum",
                        "attributes": {
                            "healthMin": 1.0,
                            "healthMax": 1.0,
                           "quantityMin": 1.0,
                            "quantityMax": 1.0
                        },
                        "quickBarSlot": -1
                    },
					{
                        "itemType": "SodaCan_Spite",
                        "attributes": {
                            "healthMin": 1.0,
                            "healthMax": 1.0,
                            "quantityMin": 1.0,
                            "quantityMax": 1.0
                        },
                        "quickBarSlot": -1
                    },
					{
                        "itemType": "TetracyclineAntibiotics",
                        "attributes": {
                            "healthMin": 1.0,
                            "healthMax": 1.0,
                            "quantityMin": 40,
                            "quantityMax": 50
                        },
                        "quickBarSlot": -1
                    },
						{
                        "itemType": "ChernarusMap",
                        "attributes": {
                            "healthMin": 1.0,
                            "healthMax": 1.0,
                            "quantityMin": 1.0,
                            "quantityMax": 1.0
                        },
                        "quickBarSlot": 5
                    },
					{
                        "itemType": "OrienteeringCompass",
                        "attributes": {
                            "healthMin": 1.0,
                            "healthMax": 1.0,
                            "quantityMin": 1.0,
                            "quantityMax": 1.0
                        },
                        "quickBarSlot": 4
                    },
					{
                        "itemType": "HuntingKnife",
                        "attributes": {
                            "healthMin": 1.0,
                            "healthMax": 1.0,
                            "quantityMin": 1.0,
                            "quantityMax": 1.0
                        },
                        "quickBarSlot": 3
                    }
                ]
            },
            {
                "name": "Cargo6",
                "spawnWeight": 1,
                "attributes": {
                    "healthMin": 1.0,
                    "healthMax": 1.0,
                    "quantityMin": 1.0,
                    "quantityMax": 1.0
                },
                "complexChildrenTypes": [
                    {
                        "itemType": "BandageDressing",
                        "attributes": {
                            "healthMin": 1.0,
                            "healthMax": 1.0,
                            "quantityMin": 1.0,
                            "quantityMax": 1.0
                        },
                        "quickBarSlot": 2
                    },
                    {
                        "itemType": "Chemlight_Green",
                        "attributes": {
                            "healthMin": 1.0,
                            "healthMax": 1.0,
                            "quantityMin": 1.0,
                            "quantityMax": 1.0
                        },
                        "quickBarSlot": 1
                    },
                    {
                        "itemType": "Plum",
                        "attributes": {
                            "healthMin": 1.0,
                            "healthMax": 1.0,
                         "quantityMin": 1.0,
                            "quantityMax": 1.0
                        },
                        "quickBarSlot": -1
                    },
					{
                        "itemType": "Plum",
                        "attributes": {
                            "healthMin": 1.0,
                            "healthMax": 1.0,
                           "quantityMin": 1.0,
                            "quantityMax": 1.0
                        },
                        "quickBarSlot": -1
                    },
					{
                        "itemType": "SodaCan_Kvass",
                        "attributes": {
                            "healthMin": 1.0,
                            "healthMax": 1.0,
                            "quantityMin": 1.0,
                            "quantityMax": 1.0
                        },
                        "quickBarSlot": -1
                    },
					{
                        "itemType": "TetracyclineAntibiotics",
                        "attributes": {
                            "healthMin": 1.0,
                            "healthMax": 1.0,
                            "quantityMin": 40,
                            "quantityMax": 50
                        },
                        "quickBarSlot": -1
                    },
						{
                        "itemType": "ChernarusMap",
                        "attributes": {
                            "healthMin": 1.0,
                            "healthMax": 1.0,
                            "quantityMin": 1.0,
                            "quantityMax": 1.0
                        },
                        "quickBarSlot": 5
                    },
					{
                        "itemType": "OrienteeringCompass",
                        "attributes": {
                            "healthMin": 1.0,
                            "healthMax": 1.0,
                            "quantityMin": 1.0,
                            "quantityMax": 1.0
                        },
                        "quickBarSlot": 4
                    },
					{
                        "itemType": "HuntingKnife",
                        "attributes": {
                            "healthMin": 1.0,
                            "healthMax": 1.0,
                            "quantityMin": 1.0,
                            "quantityMax": 1.0
                        },
                        "quickBarSlot": 3
                    }
                ]
            },
            {
                "name": "Cargo7",
                "spawnWeight": 1,
                "attributes": {
                    "healthMin": 1.0,
                    "healthMax": 1.0,
                    "quantityMin": 1.0,
                    "quantityMax": 1.0
                },
                "complexChildrenTypes": [
                    {
                        "itemType": "BandageDressing",
                        "attributes": {
                            "healthMin": 1.0,
                            "healthMax": 1.0,
                            "quantityMin": 1.0,
                            "quantityMax": 1.0
                        },
                        "quickBarSlot": 2
                    },
                    {
                        "itemType": "Chemlight_Yellow",
                        "attributes": {
                            "healthMin": 1.0,
                            "healthMax": 1.0,
                            "quantityMin": 1.0,
                            "quantityMax": 1.0
                        },
                        "quickBarSlot": 1
                    },
                    {
                        "itemType": "Plum",
                        "attributes": {
                            "healthMin": 1.0,
                            "healthMax": 1.0,
                             "quantityMin": 1.0,
                            "quantityMax": 1.0
                        },
                        "quickBarSlot": -1
                    },
					{
                        "itemType": "Plum",
                        "attributes": {
                            "healthMin": 1.0,
                            "healthMax": 1.0,
                           "quantityMin": 1.0,
                            "quantityMax": 1.0
                        },
                        "quickBarSlot": -1
                    },
					{
                        "itemType": "SodaCan_Fronta",
                        "attributes": {
                            "healthMin": 1.0,
                            "healthMax": 1.0,
                            "quantityMin": 1.0,
                            "quantityMax": 1.0
                        },
                        "quickBarSlot": -1
                    },
					{
                        "itemType": "TetracyclineAntibiotics",
                        "attributes": {
                            "healthMin": 1.0,
                            "healthMax": 1.0,
                            "quantityMin": 40,
                            "quantityMax": 50
                        },
                        "quickBarSlot": -1
                    },
						{
                        "itemType": "ChernarusMap",
                        "attributes": {
                            "healthMin": 1.0,
                            "healthMax": 1.0,
                            "quantityMin": 1.0,
                            "quantityMax": 1.0
                        },
                        "quickBarSlot": 5
                    },
					{
                        "itemType": "OrienteeringCompass",
                        "attributes": {
                            "healthMin": 1.0,
                            "healthMax": 1.0,
                            "quantityMin": 1.0,
                            "quantityMax": 1.0
                        },
                        "quickBarSlot": 4
                    },
					{
                        "itemType": "HuntingKnife",
                        "attributes": {
                            "healthMin": 1.0,
                            "healthMax": 1.0,
                            "quantityMin": 1.0,
                            "quantityMax": 1.0
                        },
                        "quickBarSlot": 3
                    }
                ]
            },
            {
                "name": "Cargo8",
                "spawnWeight": 1,
                "attributes": {
                    "healthMin": 1.0,
                    "healthMax": 1.0,
                    "quantityMin": 1.0,
                    "quantityMax": 1.0
                },
                "complexChildrenTypes": [
                    {
                        "itemType": "BandageDressing",
                        "attributes": {
                            "healthMin": 1.0,
                            "healthMax": 1.0,
                            "quantityMin": 1.0,
                            "quantityMax": 1.0
                        },
                        "quickBarSlot": 2
                    },
                    {
                        "itemType": "Chemlight_White",
                        "attributes": {
                            "healthMin": 1.0,
                            "healthMax": 1.0,
                            "quantityMin": 1.0,
                            "quantityMax": 1.0
                        },
                        "quickBarSlot": 1
                    },
                    {
                        "itemType": "Plum",
                        "attributes": {
                            "healthMin": 1.0,
                            "healthMax": 1.0,
                          "quantityMin": 1.0,
                            "quantityMax": 1.0
                        },
                        "quickBarSlot": -1
                    },
					{
                        "itemType": "Plum",
                        "attributes": {
                            "healthMin": 1.0,
                            "healthMax": 1.0,
                           "quantityMin": 1.0,
                            "quantityMax": 1.0
                        },
                        "quickBarSlot": -1
                    },
					{
                        "itemType": "SodaCan_Pipsi",
                        "attributes": {
                            "healthMin": 1.0,
                            "healthMax": 1.0,
                            "quantityMin": 1.0,
                            "quantityMax": 1.0
                        },
                        "quickBarSlot": -1
                    },
					{
                        "itemType": "TetracyclineAntibiotics",
                        "attributes": {
                            "healthMin": 1.0,
                            "healthMax": 1.0,
                            "quantityMin": 40,
                            "quantityMax": 50
                        },
                        "quickBarSlot": -1
                    },
						{
                        "itemType": "ChernarusMap",
                        "attributes": {
                            "healthMin": 1.0,
                            "healthMax": 1.0,
                            "quantityMin": 1.0,
                            "quantityMax": 1.0
                        },
                        "quickBarSlot": 5
                    },
					{
                        "itemType": "OrienteeringCompass",
                        "attributes": {
                            "healthMin": 1.0,
                            "healthMax": 1.0,
                            "quantityMin": 1.0,
                            "quantityMax": 1.0
                        },
                        "quickBarSlot": 4
                    },
					{
                        "itemType": "HuntingKnife",
                        "attributes": {
                            "healthMin": 1.0,
                            "healthMax": 1.0,
                            "quantityMin": 1.0,
                            "quantityMax": 1.0
                        },
                        "quickBarSlot": 3
                    }
                ]
            },
            {
                "name": "Cargo9",
                "spawnWeight": 1,
                "attributes": {
                    "healthMin": 1.0,
                    "healthMax": 1.0,
                    "quantityMin": 1.0,
                    "quantityMax": 1.0
                },
                "complexChildrenTypes": [
                    {
                        "itemType": "BandageDressing",
                        "attributes": {
                            "healthMin": 1.0,
                            "healthMax": 1.0,
                            "quantityMin": 1.0,
                            "quantityMax": 1.0
                        },
                        "quickBarSlot": 2
                    },
                    {
                        "itemType": "Chemlight_Red",
                        "attributes": {
                            "healthMin": 1.0,
                            "healthMax": 1.0,
                            "quantityMin": 1.0,
                            "quantityMax": 1.0
                        },
                        "quickBarSlot": 1
                    },
                    {
                        "itemType": "Apple",
                        "attributes": {
                            "healthMin": 1.0,
                            "healthMax": 1.0,
                         "quantityMin": 1.0,
                            "quantityMax": 1.0
                        },
                        "quickBarSlot": -1
                    },
					 {
                        "itemType": "Apple",
                        "attributes": {
                            "healthMin": 1.0,
                            "healthMax": 1.0,
                         "quantityMin": 1.0,
                            "quantityMax": 1.0
                        },
                        "quickBarSlot": -1
                    },
					{
                        "itemType": "SodaCan_Spite",
                        "attributes": {
                            "healthMin": 1.0,
                            "healthMax": 1.0,
                            "quantityMin": 1.0,
                            "quantityMax": 1.0
                        },
                        "quickBarSlot": -1
                    },
					{
                        "itemType": "TetracyclineAntibiotics",
                        "attributes": {
                            "healthMin": 1.0,
                            "healthMax": 1.0,
                            "quantityMin": 40,
                            "quantityMax": 50
                        },
                        "quickBarSlot": -1
                    },
						{
                        "itemType": "ChernarusMap",
                        "attributes": {
                            "healthMin": 1.0,
                            "healthMax": 1.0,
                            "quantityMin": 1.0,
                            "quantityMax": 1.0
                        },
                        "quickBarSlot": 5
                    },
					{
                        "itemType": "OrienteeringCompass",
                        "attributes": {
                            "healthMin": 1.0,
                            "healthMax": 1.0,
                            "quantityMin": 1.0,
                            "quantityMax": 1.0
                        },
                        "quickBarSlot": 4
                    },
					{
                        "itemType": "HuntingKnife",
                        "attributes": {
                            "healthMin": 1.0,
                            "healthMax": 1.0,
                            "quantityMin": 1.0,
                            "quantityMax": 1.0
                        },
                        "quickBarSlot": 3
                    }
                ]
            },
            {
                "name": "Cargo10",
                "spawnWeight": 1,
                "attributes": {
                    "healthMin": 1.0,
                    "healthMax": 1.0,
                    "quantityMin": 1.0,
                    "quantityMax": 1.0
                },
                "complexChildrenTypes": [
                    {
                        "itemType": "BandageDressing",
                        "attributes": {
                            "healthMin": 1.0,
                            "healthMax": 1.0,
                            "quantityMin": 1.0,
                            "quantityMax": 1.0
                        },
                        "quickBarSlot": 2
                    },
                    {
                        "itemType": "Chemlight_Green",
                        "attributes": {
                            "healthMin": 1.0,
                            "healthMax": 1.0,
                            "quantityMin": 1.0,
                            "quantityMax": 1.0
                        },
                        "quickBarSlot": 1
                    },
                    {
                        "itemType": "Apple",
                        "attributes": {
                            "healthMin": 1.0,
                            "healthMax": 1.0,
                            "quantityMin": 1.0,
                            "quantityMax": 1.0
                        },
                        "quickBarSlot": -1
                    },
					 {
                        "itemType": "Apple",
                        "attributes": {
                            "healthMin": 1.0,
                            "healthMax": 1.0,
                         "quantityMin": 1.0,
                            "quantityMax": 1.0
                        },
                        "quickBarSlot": -1
                    },
					{
                        "itemType": "SodaCan_Fronta",
                        "attributes": {
                            "healthMin": 1.0,
                            "healthMax": 1.0,
                            "quantityMin": 1.0,
                            "quantityMax": 1.0
                        },
                        "quickBarSlot": -1
                    },
					{
                        "itemType": "TetracyclineAntibiotics",
                        "attributes": {
                            "healthMin": 1.0,
                            "healthMax": 1.0,
                            "quantityMin": 40,
                            "quantityMax": 50
                        },
                        "quickBarSlot": -1
                    },
						{
                        "itemType": "ChernarusMap",
                        "attributes": {
                            "healthMin": 1.0,
                            "healthMax": 1.0,
                            "quantityMin": 1.0,
                            "quantityMax": 1.0
                        },
                        "quickBarSlot": 5
                    },
					{
                        "itemType": "OrienteeringCompass",
                        "attributes": {
                            "healthMin": 1.0,
                            "healthMax": 1.0,
                            "quantityMin": 1.0,
                            "quantityMax": 1.0
                        },
                        "quickBarSlot": 4
                    },
					{
                        "itemType": "HuntingKnife",
                        "attributes": {
                            "healthMin": 1.0,
                            "healthMax": 1.0,
                            "quantityMin": 1.0,
                            "quantityMax": 1.0
                        },
                        "quickBarSlot": 3
                    }
                ]
            },
            {
                "name": "Cargo11",
                "spawnWeight": 1,
                "attributes": {
                    "healthMin": 1.0,
                    "healthMax": 1.0,
                    "quantityMin": 1.0,
                    "quantityMax": 1.0
                },
                "complexChildrenTypes": [
                    {
                        "itemType": "BandageDressing",
                        "attributes": {
                            "healthMin": 1.0,
                            "healthMax": 1.0,
                            "quantityMin": 1.0,
                            "quantityMax": 1.0
                        },
                        "quickBarSlot": 2
                    },
                    {
                        "itemType": "Chemlight_Yellow",
                        "attributes": {
                            "healthMin": 1.0,
                            "healthMax": 1.0,
                            "quantityMin": 1.0,
                            "quantityMax": 1.0
                        },
                        "quickBarSlot": 1
                    },
                    {
                        "itemType": "Apple",
                        "attributes": {
                            "healthMin": 1.0,
                            "healthMax": 1.0,
                            "quantityMin": 1.0,
                            "quantityMax": 1.0
                        },
                        "quickBarSlot": -1
                    },
					 {
                        "itemType": "Apple",
                        "attributes": {
                            "healthMin": 1.0,
                            "healthMax": 1.0,
                         "quantityMin": 1.0,
                            "quantityMax": 1.0
                        },
                        "quickBarSlot": -1
                    },
					{
                        "itemType": "SodaCan_Cola",
                        "attributes": {
                            "healthMin": 1.0,
                            "healthMax": 1.0,
                            "quantityMin": 1.0,
                            "quantityMax": 1.0
                        },
                        "quickBarSlot": -1
                    },
					{
                        "itemType": "TetracyclineAntibiotics",
                        "attributes": {
                            "healthMin": 1.0,
                            "healthMax": 1.0,
                            "quantityMin": 40,
                            "quantityMax": 50
                        },
                        "quickBarSlot": -1
                    },
						{
                        "itemType": "ChernarusMap",
                        "attributes": {
                            "healthMin": 1.0,
                            "healthMax": 1.0,
                            "quantityMin": 1.0,
                            "quantityMax": 1.0
                        },
                        "quickBarSlot": 5
                    },
					{
                        "itemType": "OrienteeringCompass",
                        "attributes": {
                            "healthMin": 1.0,
                            "healthMax": 1.0,
                            "quantityMin": 1.0,
                            "quantityMax": 1.0
                        },
                        "quickBarSlot": 4
                    },
					{
                        "itemType": "HuntingKnife",
                        "attributes": {
                            "healthMin": 1.0,
                            "healthMax": 1.0,
                            "quantityMin": 1.0,
                            "quantityMax": 1.0
                        },
                        "quickBarSlot": 3
                    }
                ]
            },
            {
                "name": "Cargo12",
                "spawnWeight": 1,
                "attributes": {
                    "healthMin": 1.0,
                    "healthMax": 1.0,
                    "quantityMin": 1.0,
                    "quantityMax": 1.0
                },
                "complexChildrenTypes": [
                    {
                        "itemType": "BandageDressing",
                        "attributes": {
                            "healthMin": 1.0,
                            "healthMax": 1.0,
                            "quantityMin": 1.0,
                            "quantityMax": 1.0
                        },
                        "quickBarSlot": 2
                    },
                    {
                        "itemType": "Chemlight_White",
                        "attributes": {
                            "healthMin": 1.0,
                            "healthMax": 1.0,
                            "quantityMin": 1.0,
                            "quantityMax": 1.0
                        },
                        "quickBarSlot": 1
                    },
                    {
                        "itemType": "Apple",
                        "attributes": {
                            "healthMin": 1.0,
                            "healthMax": 1.0,
                            "quantityMin": 1.0,
                            "quantityMax": 1.0
                        },
                        "quickBarSlot": -1
                    },
					 {
                        "itemType": "Apple",
                        "attributes": {
                            "healthMin": 1.0,
                            "healthMax": 1.0,
                         "quantityMin": 1.0,
                            "quantityMax": 1.0
                        },
                        "quickBarSlot": -1
                    },
					{
                        "itemType": "SodaCan_Cola",
                        "attributes": {
                            "healthMin": 1.0,
                            "healthMax": 1.0,
                            "quantityMin": 1.0,
                            "quantityMax": 1.0
                        },
                        "quickBarSlot": -1
                    },
					{
                        "itemType": "TetracyclineAntibiotics",
                        "attributes": {
                            "healthMin": 1.0,
                            "healthMax": 1.0,
                            "quantityMin": 40,
                            "quantityMax": 50
                        },
                        "quickBarSlot": -1
                    },
						{
                        "itemType": "ChernarusMap",
                        "attributes": {
                            "healthMin": 1.0,
                            "healthMax": 1.0,
                            "quantityMin": 1.0,
                            "quantityMax": 1.0
                        },
                        "quickBarSlot": 5
                    },
					{
                        "itemType": "OrienteeringCompass",
                        "attributes": {
                            "healthMin": 1.0,
                            "healthMax": 1.0,
                            "quantityMin": 1.0,
                            "quantityMax": 1.0
                        },
                        "quickBarSlot": 4
                    },
					{
                        "itemType": "HuntingKnife",
                        "attributes": {
                            "healthMin": 1.0,
                            "healthMax": 1.0,
                            "quantityMin": 1.0,
                            "quantityMax": 1.0
                        },
                        "quickBarSlot": 3
                    }
                ]
            }
    ]
}
