<?xml version="1.0" encoding="UTF-8" standalone="yes" ?>

    <event name="StaticPrison">
        <pos x="9647.46" z="1869.06" a="113.000000" /><!--CUSTOM-PRISON-SIDE-COAST-->
    </event>

    <event name="StaticPrison1">
        <pos x="4680.36" z="9853.41" a="113.000000" /><!--CUSTOM-PRISON-MAIN-NWAF-->
    </event>

    <event name="StaticBuilding"> 
        <pos x="4836.56" z="9555.10" a="113.000000" /><!--CUSTOM-MIL-HQ-NWAF-->
    </event>

    <event name="StaticBuilding2">
        <pos x="4703.53" z="10116.40" a="113.000000" /><!--CUSTOM-TENT1-->
        <pos x="4478.63" z="10553.73" a="113.000000" /><!--CUSTOM-TENT2-->
        <pos x="4152.13" z="10765.35" a="113.000000" /><!--CUSTOM-TENT3-->
    </event>

    <event name="StaticSchool"> 
        <pos x="4097.04" z="10914.26" a="113.000000" />
    </event>
	
	
	<event name="ItemAnimal1"><!--CUSTOM-PASSIVE-BEAR-SPAWNS-->
		<pos x="1682.27" z="2240.13" a="180.0" /><!--BEAR-->
	</event>
	<event name="ItemAnimal2"><!--CUSTOM-CATTLE-SPAWNS-->
		<pos x="1616.16" z="2273.99" a="180.0" /><!--COW-->
	</event>
	<event name="ItemAnimal3"><!--CUSTOM-PIG-SPAWNS-->
		<pos x="1561.23" z="2325.52" a="180.0" /><!--PIG-->
	</event>
	<event name="ItemAnimal4"><!--CUSTOM-PASSIVE-WILD-BOAR-SPAWNS-->
		<pos x="1720.67" z="2301.21" a="180.0" /><!--WILD-BOAR-->
	</event>
	<event name="ItemAnimal5"><!--CUSTOM-PASSIVE-WOLF-SPAWNS-->
		<pos x="1720.67" z="2301.21" a="180.0" /><!--WOLF-->
	</event>
	
	
	<event name="ItemBody1"><!--DESMOND-DOSS-->
		<pos x="9285.81" z="1701.03" a="-1" /> <!--SEA-SPAWN-DESMOND-->
        <pos x="12911.61" z="18090.29" a="-1" /> <!--NIZHNOYE-NPC-->
	</event>
	
	
	<event name="ItemBody2"><!--CHRIS-KYLE-->
		<pos x="9587.51" z="1543.86" a="-1" /> <!--SEA-SPAWN-CHRIS-->
	</event>
	
	
	<event name="ItemBody3"><!--EDDIE-STEALTH-->
		<pos x="8902.11" z="1713.83" a="-1" /> <!--SEA-SPAWN-EDDIE-->
        <pos x="11966.31" z="3513.90" a="-1" /> <!--KAMY-NPC-->
	</event>
	
	
	<event name="ItemBody4"><!--BRUCE-KINGSBURY-->
		<pos x="7033.56" z="1138.28" a="-1" /> <!--SEA-SPAWN-BRUCE-->
	</event>
	
	
	<event name="ItemBody5"><!--THE-LARD-->
		<pos x="13488.93" z="1216.06" a="-1" /> <!--SEA-SPAWN-LARD-->
	</event>	
	
	<event name="ItemBody6"><!--BOB-THE-BUILDER-->
		<pos x="14204.46" z="1076.06" a="-1" /> <!--SEA-SPAWN-BOB-->
	</event>