<!--START DESMOND DOSS NPC-->
	<type name="SurvivorF_Eva">
	<attachments>
		<item name="MilitaryBeret_CDF" />
	</attachments>
	<attachments>
		<item name="NVGHeadstrap" />
	</attachments>	
	<attachments>
		<item name="USMCJacket_Desert" />
	</attachments>
	<attachments>
		<item name="USMCPants_Desert" />
	</attachments>	
	<attachments>
		<item name="CombatBoots_Beige" />
	</attachments>	
	<attachments>
		<item name="HighCapacityVest_Black" />
	</attachments>
	<attachments>
		<item name="NylonKnifeSheath" />
	</attachments>
	<attachments>
		<item name="CombatKnife" />
	</attachments>		
	<attachments>
		<item name="AliceBag_Black" />
	</attachments>
	<attachments>
		<item name="TacticalGloves_Beige" />
	</attachments>	
	<attachments>
		<item name="MilitaryBelt" />
	</attachments>	
	<attachments>
		<item name="FAL" />
	</attachments>
	<attachments>
		<item name="Fal_FoldingBttstck" />
	</attachments>
	<attachments>
		<item name="ACOGOptic" />
	</attachments>	
	<attachments>
		<item name="Mag_FAL_20Rnd" />
	</attachments>
	<attachments>
		<item name="Mag_FAL_20Rnd" />
	</attachments>
	<attachments>
		<item name="Mag_FAL_20Rnd" />
	</attachments>
	<attachments>
		<item name="Mag_FAL_20Rnd" />
	</attachments>
	<attachments>
		<item name="VSS" />
	</attachments>
	<attachments>
		<item name="PSO1Optic" />
	</attachments>
	<attachments>
		<item name="Mag_VSS_10Rnd" />
	</attachments>	
	<attachments>
		<item name="Mag_VSS_10Rnd" />
	</attachments>	
	<attachments>
		<item name="Mag_VSS_10Rnd" />
	</attachments>	
	<attachments>
		<item name="Mag_VSS_10Rnd" />
	</attachments>	
	<attachments>
		<item name="RDG2SmokeGrenade_Black" />
	</attachments>
	<attachments>
		<item name="RDG2SmokeGrenade_Green" />
	</attachments>
	<attachments>
		<item name="FlashGrenade" />
	</attachments>
	<attachments>
		<item name="FlashGrenade" />
	</attachments>
	<attachments>
		<item name="RGD5Grenade" />
	</attachments>	
	<attachments>
		<item name="LandMineTrap" />
	</attachments>
	<attachments>
		<item name="Bandage" />
	</attachments>
	<attachments>
		<item name="Rice" />
	</attachments>	
	<attachments>
		<item name="SodaCan_Cola" />
	</attachments>			
	<attachments>
		<item name="BakedBeansCan_Opened" />
	</attachments>		
	<attachments>
		<item name="Battery9V" />
	</attachments>
	<attachments>
		<item name="Battery9V" />
	</attachments>
</type>
<!--END DESMOND DOSS NPC-->
<!--START CHRIS KYLE NPC-->
<type name="SurvivorF_Frida">
	<attachments>
		<item name="BallisticHelmet_Green" />
	</attachments>
	<attachments>
		<item name="BDUJacket" />
	</attachments>
	<attachments>
		<item name="BDUPants" />
	</attachments>	
	<attachments>
		<item name="MilitaryBoots_Brown" />
	</attachments>	
	<attachments>
		<item name="HighCapacityVest_Olive" />
	</attachments>
	<attachments>
		<item name="NylonKnifeSheath" />
	</attachments>
	<attachments>
		<item name="CombatKnife" />
	</attachments>		
	<attachments>
		<item name="AliceBag_Black" />
	</attachments>
	<attachments>
		<item name="TacticalGloves_Green" />
	</attachments>	
	<attachments>
		<item name="MilitaryBelt" />
	</attachments>	
	<attachments>
		<item name="M4A1_Green" />
	</attachments>
	<attachments>
		<item name="M4_CQBBttstck" />
	</attachments>
	<attachments>
		<item name="M4_RISHndgrd_Green" />
	</attachments>
	<attachments>
		<item name="M4_Suppressor" />
	</attachments>
	<attachments>
		<item name="ReflexOptic" />
	</attachments>	
	<attachments>
		<item name="Sledgehammer" />
	</attachments>
	<attachments>
		<item name="Mag_STANAGCoupled_30Rnd" />
	</attachments>
	<attachments>
		<item name="Mag_STANAGCoupled_30Rnd" />
	</attachments>
	<attachments>
		<item name="Mag_STANAGCoupled_30Rnd" />
	</attachments>
	<attachments>
		<item name="Mag_STANAGCoupled_30Rnd" />
	</attachments>
	<attachments>
		<item name="FNX45" />
	</attachments>
	<attachments>
		<item name="Mag_FNX45_15Rnd" />
	</attachments>	
	<attachments>
		<item name="Mag_FNX45_15Rnd" />
	</attachments>
	<attachments>
		<item name="Mag_FNX45_15Rnd" />
	</attachments>
	<attachments>
		<item name="RDG2SmokeGrenade_Black" />
	</attachments>
	<attachments>
		<item name="RDG2SmokeGrenade_Black" />
	</attachments>
	<attachments>
		<item name="RGD5Grenade" />
	</attachments>
	<attachments>
		<item name="RGD5Grenade" />
	</attachments>	
	<attachments>
		<item name="TetracyclineAntibiotics" />
	</attachments>
	<attachments>
		<item name="Bandage" />
	</attachments>
	<attachments>
		<item name="Morphine" />
	</attachments>	
	<attachments>
		<item name="SodaCan_Cola" />
	</attachments>
	<attachments>
		<item name="BakedBeansCan_Opened" />
	</attachments>		
	<attachments>
		<item name="Battery9V" />
	</attachments>
	<attachments>
		<item name="Battery9V" />
	</attachments>
</type>
<!--END CHRIS KYLE NPC-->
<!--START EDDIE STEALTH NPC-->
<type name="SurvivorF_Gabi">
	<attachments>
		<item name="GhillieHood_Woodland" />
	</attachments>
	<attachments>
		<item name="BDUJacket" />
	</attachments>
	<attachments>
		<item name="BDUPants" />
	</attachments>	
	<attachments>
		<item name="MilitaryBoots_Brown" />
	</attachments>	
	<attachments>
		<item name="HighCapacityVest_Olive" />
	</attachments>
	<attachments>
		<item name="Sword" />
	</attachments>		
	<attachments>
		<item name="AliceBag_Black" />
	</attachments>
	<attachments>
		<item name="TacticalGloves_Green" />
	</attachments>	
	<attachments>
		<item name="MilitaryBelt" />
	</attachments>	
	<attachments>
		<item name="AKS74U" />
	</attachments>
	<attachments>
		<item name="AKS74U_Bttstck" />
	</attachments>
	<attachments>
		<item name="AK_Suppressor" />
	</attachments>
	<attachments>
		<item name="Sledgehammer" />
	</attachments>
	<attachments>
		<item name="Mag_AK74_30Rnd" />
	</attachments>
	<attachments>
		<item name="Mag_AK74_30Rnd" />
	</attachments>
	<attachments>
		<item name="Mag_AK74_30Rnd" />
	</attachments>
	<attachments>
		<item name="SVD" />
	</attachments>
	<attachments>
		<item name="Mag_SVD_10Rnd" />
	</attachments>	
	<attachments>
		<item name="Mag_SVD_10Rnd" />
	</attachments>
	<attachments>
		<item name="Mag_SVD_10Rnd" />
	</attachments>
	<attachments>
		<item name="Mag_SVD_10Rnd" />
	</attachments>
	<attachments>
		<item name="M18SmokeGrenade_Red" />
	</attachments>
	<attachments>
		<item name="M18SmokeGrenade_Purple" />
	</attachments>
	<attachments>
		<item name="RGD5Grenade" />
	</attachments>
	<attachments>
		<item name="RGD5Grenade" />
	</attachments>	
	<attachments>
		<item name="CharcoalTablets" />
	</attachments>
	<attachments>
		<item name="Bandage" />
	</attachments>
	<attachments>
		<item name="GhillieSuit_Woodland" />
	</attachments>	
	<attachments>
		<item name="SodaCan_Pepsi" />
	</attachments>
	<attachments>
		<item name="BakedBeansCan_Opened" />
	</attachments>	
	<attachments>
		<item name="Battery9V" />
	</attachments>
	<attachments>
		<item name="Battery9V" />
	</attachments>	
</type>
<!--END EDDIE STEALTH NPC-->
<!--START BRUCE KINGSBURY NPC-->
<type name="SurvivorF_Helga">
	<attachments>
		<item name="BallisticHelmet_Black" />
	</attachments>
	<attachments>
		<item name="Balaclava3Holes_Black" />
	</attachments>
	<attachments>
		<item name="TacticalShirt_Black" />
	</attachments>
	<attachments>
		<item name="CargoPants_Black" />
	</attachments>	
	<attachments>
		<item name="MilitaryBoots_Black" />
	</attachments>	
	<attachments>
		<item name="HighCapacityVest_Black" />
	</attachments>
	<attachments>
		<item name="NylonKnifeSheath" />
	</attachments>
	<attachments>
		<item name="CombatKnife" />
	</attachments>		
	<attachments>
		<item name="AliceBag_Black" />
	</attachments>
	<attachments>
		<item name="TacticalGloves_Black" />
	</attachments>	
	<attachments>
		<item name="MilitaryBelt" />
	</attachments>	
	<attachments>
		<item name="AKM" />
	</attachments>
	<attachments>
		<item name="AK_WoodBttstck" />
	</attachments>
	<attachments>
		<item name="AK_RailHndgrd" />
	</attachments>
	<attachments>
		<item name="AK_Suppressor" />
	</attachments>
	<attachments>
		<item name="KashtanOptic" />
	</attachments>	
	<attachments>
		<item name="Shovel" />
	</attachments>
	<attachments>
		<item name="Mag_AKM_30Rnd" />
	</attachments>
	<attachments>
		<item name="Mag_AKM_30Rnd" />
	</attachments>
	<attachments>
		<item name="Mag_AKM_30Rnd" />
	</attachments>
	<attachments>
		<item name="Mag_AKM_30Rnd" />
	</attachments>
	<attachments>
		<item name="FNX45" />
	</attachments>
	<attachments>
		<item name="Mag_FNX45_15Rnd" />
	</attachments>	
	<attachments>
		<item name="Mag_FNX45_15Rnd" />
	</attachments>
	<attachments>
		<item name="Mag_FNX45_15Rnd" />
	</attachments>
	<attachments>
		<item name="RGD5Grenade" />
	</attachments>
	<attachments>
		<item name="RGD5Grenade" />
	</attachments>
	<attachments>
		<item name="M18SmokeGrenade_White" />
	</attachments>
	<attachments>
		<item name="RDG2SmokeGrenade_Black" />
	</attachments>	
	<attachments>
		<item name="TetracyclineAntibiotics" />
	</attachments>
	<attachments>
		<item name="Bandage" />
	</attachments>
	<attachments>
		<item name="Morphine" />
	</attachments>	
	<attachments>
		<item name="SodaCan_Cola" />
	</attachments>
	<attachments>
		<item name="BakedBeansCan_Opened" />
	</attachments>		
	<attachments>
		<item name="Battery9V" />
	</attachments>
	<attachments>
		<item name="Battery9V" />
	</attachments>
</type>
<!--END BRUCE KINGSBURY NPC-->
<!--START THE SMOKED NPC-->
<type name="SurvivorF_Irena">
	<attachments>
		<item name="MilitaryBeret_CDF" />
	</attachments>
	<attachments>
		<item name="NVGHeadstrap" />
	</attachments>	
	<attachments>
		<item name="USMCJacket_Woodland" />
	</attachments>
	<attachments>
		<item name="USMCPants_Desert" />
	</attachments>	
	<attachments>
		<item name="CombatBoots_Beige" />
	</attachments>	
	<attachments>
		<item name="PlateCarrierVest" />
	</attachments>
	<attachments>
		<item name="NylonKnifeSheath" />
	</attachments>
	<attachments>
		<item name="CombatKnife" />
	</attachments>		
	<attachments>
		<item name="AliceBag_Black" />
	</attachments>
	<attachments>
		<item name="TacticalGloves_Beige" />
	</attachments>	
	<attachments>
		<item name="MilitaryBelt" />
	</attachments>	
	<attachments>
		<item name="FAL" />
	</attachments>
	<attachments>
		<item name="Fal_FoldingBttstck" />
	</attachments>
	<attachments>
		<item name="ACOGOptic" />
	</attachments>	
	<attachments>
		<item name="Mag_FAL_20Rnd" />
	</attachments>
	<attachments>
		<item name="Mag_FAL_20Rnd" />
	</attachments>
	<attachments>
		<item name="Mag_FAL_20Rnd" />
	</attachments>
	<attachments>
		<item name="Mag_FAL_20Rnd" />
	</attachments>
	<attachments>
		<item name="SVD" />
	</attachments>
	<attachments>
		<item name="PSO11Optic" />
	</attachments>	
	<attachments>
		<item name="Mag_SVD_10Rnd" />
	</attachments>	
	<attachments>
		<item name="Mag_SVD_10Rnd" />
	</attachments>	
	<attachments>
		<item name="Mag_SVD_10Rnd" />
	</attachments>	
	<attachments>
		<item name="RDG2SmokeGrenade_Black" />
	</attachments>
	<attachments>
		<item name="RDG2SmokeGrenade_Green" />
	</attachments>
	<attachments>
		<item name="FlashGrenade" />
	</attachments>
	<attachments>
		<item name="FlashGrenade" />
	</attachments>
	<attachments>
		<item name="RGD5Grenade" />
	</attachments>	
	<attachments>
		<item name="Bandages" />
	</attachments>
	<attachments>
		<item name="Bandages" />
	</attachments>
	<attachments>
		<item name="Epinephrine" />
	</attachments>
	<attachments>
		<item name="TetracyclineAntibiotics" />
	</attachments>	
	<attachments>
		<item name="Canteen" />
	</attachments>			
	<attachments>
		<item name="BearSteakMeat" />
	</attachments>	
	<attachments>
		<item name="BearSteakMeat" />
	</attachments>
	<attachments>
		<item name="Battery9V" />
	</attachments>
	<attachments>
		<item name="Battery9V" />
	</attachments>	
</type>
<!--END THE SMOKED NPC-->
<!--START BOB THE BUILDER NPC-->
<type name="SurvivorF_Judy"> 
	<attachments>
		<item name="ConstructionHelmet_Blue" />
	</attachments>
	<attachments>
		<item name="NVGHeadstrap" />
	</attachments>	
	<attachments>
		<item name="JumpsuitJacket_Blue" />
	</attachments>
	<attachments>
		<item name="Jeans_Blue" />
	</attachments>	
	<attachments>
		<item name="WorkingBoots_Beige" />
	</attachments>	
	<attachments>
		<item name="ReflexVest" />
	</attachments>
	<attachments>
		<item name="NylonKnifeSheath" />
	</attachments>
	<attachments>
		<item name="CombatKnife" />
	</attachments>		
	<attachments>
		<item name="AliceBag_Green" />
	</attachments>
	<attachments>
		<item name="WorkingGloves_Beige" />
	</attachments>	
	<attachments>
		<item name="CivilianBelt" />
	</attachments>	
	<attachments>
		<item name="WoodAxe" />
	</attachments>
	<attachments>
		<item name="WoodAxe" />
	</attachments>	
	<attachments>
		<item name="Pliers" />
	</attachments>
	<attachments>
		<item name="Hammer" />
	</attachments>
	<attachments>
		<item name="Hammer" />
	</attachments>
	<attachments>
		<item name="NailBox" />
	</attachments>	
	<attachments>
		<item name="NailBox" />
	</attachments>	
	<attachments>
		<item name="NailBox" />
	</attachments>	
	<attachments>
		<item name="Hacksaw" />
	</attachments>	
	<attachments>
		<item name="Hacksaw" />
	</attachments>
	<attachments>
		<item name="CombinationLock4" />
	</attachments>
	<attachments>
		<item name="MetalWire" />
	</attachments>	
	<attachments>
		<item name="BarbedWire" />
	</attachments>
	<attachments>
		<item name="Lockpick" />
	</attachments>
	<attachments>
		<item name="Shovel" />
	</attachments>	
	<attachments>
		<item name="Hatchet" />
	</attachments>			
	<attachments>
		<item name="Hatchet" />
	</attachments>	
	<attachments>
		<item name="Hatchet" />
	</attachments>
	<attachments>
		<item name="Battery9V" />
	</attachments>
	<attachments>
		<item name="Battery9V" />
	</attachments>	
</type>
<!--END-BOB-THE-BUILDER-NPC-->