<?xml version="1.0" encoding="UTF-8" standalone="yes"?>

<event name="StaticPrison"><!--SMALL-PRISON-->
    <nominal>1</nominal>
    <min>1</min>
    <max>1</max>
    <lifetime>3888009</lifetime>
    <restock>0</restock>
    <saferadius>0</saferadius>
    <distanceradius>0</distanceradius>
    <cleanupradius>100</cleanupradius>
    <flags deletable="0" init_random="0" remove_damaged="1"/>
    <position>fixed</position>
    <limit>child</limit>
    <active>1</active>
    <children>
        <child lootmax="15" lootmin="15" max="1" min="1" type="Land_Prison_Side"/>
    </children>
</event>

<event name="StaticPrison1"><!--PRISON-NWAF-->
    <nominal>1</nominal>
    <min>1</min>
    <max>1</max>
    <lifetime>3888009</lifetime>
    <restock>0</restock>
    <saferadius>0</saferadius>
    <distanceradius>0</distanceradius>
    <cleanupradius>100</cleanupradius>
    <flags deletable="0" init_random="0" remove_damaged="1"/>
    <position>fixed</position>
    <limit>child</limit>
    <active>1</active>
    <children>
        <child lootmax="25" lootmin="25" max="1" min="1" type="Land_Prison_Main"/>
    </children>
</event>

<event name="StaticBuilding"><!--MIL-HQ-NWAF-->
    <nominal>1</nominal>
    <min>1</min>
    <max>1</max>
    <lifetime>3888009</lifetime>
    <restock>0</restock>
    <saferadius>0</saferadius>
    <distanceradius>0</distanceradius>
    <cleanupradius>100</cleanupradius>
    <flags deletable="0" init_random="0" remove_damaged="1"/>
    <position>fixed</position>
    <limit>child</limit>
    <active>1</active>
    <children>
        <child lootmax="25" lootmin="25" max="1" min="1" type="Land_Mil_Airfield_HQ"/>
    </children>
</event>

<event name="StaticBuilding2"><!--MILITARY-TENTS-NWAF-->
    <nominal>3</nominal>
    <min>3</min>
    <max>3</max>
    <lifetime>3888009</lifetime>
    <restock>0</restock>
    <saferadius>0</saferadius>
    <distanceradius>0</distanceradius>
    <cleanupradius>100</cleanupradius>
    <flags deletable="0" init_random="0" remove_damaged="1"/>
    <position>fixed</position>
    <limit>child</limit>
    <active>1</active>
    <children>
        <child lootmax="25" lootmin="25" max="1" min="1" type="Land_Mil_Tent_Big1_1"/>
    </children>
</event>

<event name="StaticSchool"><!--CUSTOM-SCHOOL-NWAF-->
        <nominal>1</nominal>
        <min>1</min>
        <max>1</max>
        <lifetime>3888000</lifetime>
        <restock>0</restock>
        <saferadius>0</saferadius>
        <distanceradius>0</distanceradius>
        <cleanupradius>100</cleanupradius>
        <flags deletable="0" init_random="0" remove_damaged="0"/>
        <position>fixed</position>
        <limit>mixed</limit>
        <active>1</active>
        <children>
            <child lootmax="150" lootmin="150" max="1" min="1" type="Land_City_School"/>
        </children>
    </event>

<event name="ItemBody1"><!--DESMONDDOSSNPC-->
    <nominal>2</nominal>
    <min>2</min>
    <max>2</max>
    <lifetime>1199</lifetime>
    <restock>1200</restock>
    <saferadius>0</saferadius>
    <distanceradius>0</distanceradius>
    <cleanupradius>200</cleanupradius>
    <flags deletable="0" init_random="0" remove_damaged="1"/>
    <position>fixed</position>
    <limit>child</limit>
    <active>1</active>
    <children>
        <child lootmax="0" lootmin="0" max="1" min="1" type="SurvivorF_Eva"/>
    </children>
</event>

<event name="ItemBody2"><!--CHRISKYLENPC-->
    <nominal>1</nominal>
    <min>1</min>
    <max>1</max>
    <lifetime>1199</lifetime>
    <restock>1200</restock>
    <saferadius>0</saferadius>
    <distanceradius>0</distanceradius>
    <cleanupradius>200</cleanupradius>
    <flags deletable="0" init_random="0" remove_damaged="1"/>
    <position>fixed</position>
    <limit>child</limit>
    <active>1</active>
    <children>
        <child lootmax="0" lootmin="0" max="1" min="1" type="SurvivorF_Frida"/>
    </children>
</event>

<event name="ItemBody3"><!--EDDIESTEALTHNPC-->
    <nominal>2</nominal>
    <min>2</min>
    <max>2</max>
    <lifetime>1199</lifetime>
    <restock>1200</restock>
    <saferadius>0</saferadius>
    <distanceradius>0</distanceradius>
    <cleanupradius>200</cleanupradius>
    <flags deletable="0" init_random="0" remove_damaged="1"/>
    <position>fixed</position>
    <limit>child</limit>
    <active>1</active>
    <children>
        <child lootmax="0" lootmin="0" max="1" min="1" type="SurvivorF_Gabi"/>
    </children>
</event>

<event name="ItemBody4"><!--BRUCEKINGSBURYNPC-->
    <nominal>1</nominal>
    <min>1</min>
    <max>1</max>
    <lifetime>1199</lifetime>
    <restock>1200</restock>
    <saferadius>0</saferadius>
    <distanceradius>0</distanceradius>
    <cleanupradius>200</cleanupradius>
    <flags deletable="0" init_random="0" remove_damaged="1"/>
    <position>fixed</position>
    <limit>child</limit>
    <active>1</active>
    <children>
        <child lootmax="0" lootmin="0" max="1" min="1" type="SurvivorF_Helga"/>
    </children>
</event>
<event name="ItemBody5"><!--THELARDNPC-->
    <nominal>1</nominal>
    <min>1</min>
    <max>1</max>
    <lifetime>1199</lifetime>
    <restock>1200</restock>
    <saferadius>0</saferadius>
    <distanceradius>0</distanceradius>
    <cleanupradius>200</cleanupradius>
    <flags deletable="0" init_random="0" remove_damaged="1"/>
    <position>fixed</position>
    <limit>child</limit>
    <active>1</active>
    <children>
        <child lootmax="0" lootmin="0" max="1" min="1" type="SurvivorF_Irena"/>
    </children>
</event>

<event name="ItemBody6"><!--BOBTHEBUILDERNPC-->
    <nominal>1</nominal>
    <min>1</min>
    <max>1</max>
    <lifetime>1199</lifetime>
    <restock>1200</restock>
    <saferadius>0</saferadius>
    <distanceradius>0</distanceradius>
    <cleanupradius>200</cleanupradius>
    <flags deletable="0" init_random="0" remove_damaged="1"/>
    <position>fixed</position>
    <limit>child</limit>
    <active>1</active>
    <children>
        <child lootmax="0" lootmin="0" max="1" min="1" type="SurvivorF_Judy"/>
    </children>
</event>

<event name="ItemAnimal1"><!--CUSTOM-BEAR-SPAWNS-->
        <nominal>1</nominal>
        <min>1</min>
        <max>1</max>
        <lifetime>180</lifetime>
        <restock>0</restock>
        <saferadius>200</saferadius>
        <distanceradius>0</distanceradius>
        <cleanupradius>0</cleanupradius>
        <flags deletable="0" init_random="0" remove_damaged="1"/>
        <position>fixed</position>
        <limit>custom</limit>
        <active>1</active>
        <children>
            <child lootmax="0" lootmin="0" max="1" min="1" type="Animal_UrsusArctos"/>
        </children>
    </event>
	
<event name="ItemAnimal2"><!--CUSTOM-CATTLE-SPAWNS-->
        <nominal>1</nominal>
        <min>1</min>
        <max>1</max>
        <lifetime>180</lifetime>
        <restock>0</restock>
        <saferadius>200</saferadius>
        <distanceradius>0</distanceradius>
        <cleanupradius>0</cleanupradius>
        <flags deletable="0" init_random="0" remove_damaged="1"/>
        <position>fixed</position>
        <limit>custom</limit>
        <active>1</active>
        <children>
            <child lootmax="0" lootmin="0" max="1" min="1" type="Animal_BosTaurusF_White"/>
        </children>
    </event>
	
<event name="ItemAnimal3"><!--CUSTOM-PIG-SPAWNS-->
        <nominal>1</nominal>
        <min>1</min>
        <max>1</max>
        <lifetime>180</lifetime>
        <restock>0</restock>
        <saferadius>200</saferadius>
        <distanceradius>0</distanceradius>
        <cleanupradius>0</cleanupradius>
        <flags deletable="0" init_random="0" remove_damaged="1"/>
        <position>fixed</position>
        <limit>custom</limit>
        <active>1</active>
        <children>
            <child lootmax="0" lootmin="0" max="1" min="1" type="Animal_SusDomesticus"/>
        </children>
    </event>
	
<event name="ItemAnimal4"><!--CUSTOM-WILD-BOAR-SPAWNS-->
        <nominal>1</nominal>
        <min>1</min>
        <max>1</max>
        <lifetime>180</lifetime>
        <restock>0</restock>
        <saferadius>200</saferadius>
        <distanceradius>0</distanceradius>
        <cleanupradius>0</cleanupradius>
        <flags deletable="0" init_random="0" remove_damaged="1"/>
        <position>fixed</position>
        <limit>custom</limit>
        <active>1</active>
        <children>
            <child lootmax="0" lootmin="0" max="1" min="1" type="Animal_SusScrofa"/>
        </children>
    </event>
	
<event name="ItemAnimal5"><!--CUSTOM-WOLF-SPAWNS-->
        <nominal>1</nominal>
        <min>1</min>
        <max>1</max>
        <lifetime>180</lifetime>
        <restock>0</restock>
        <saferadius>200</saferadius>
        <distanceradius>0</distanceradius>
        <cleanupradius>0</cleanupradius>
        <flags deletable="0" init_random="0" remove_damaged="1"/>
        <position>fixed</position>
        <limit>custom</limit>
        <active>1</active>
        <children>
            <child lootmax="0" lootmin="0" max="1" min="1" type="Animal_CanisLupus_Grey"/>
        </children>
    </event>