Dynamic Mission - Dirty Bomb


Deploy a tactical team to intercept terrorists at the southwestern coast rail junction near the production facilities. Establish a perimeter and secure all entry points. Use drones for surveillance to locate terrorists and identify nuclear waste barrels. Neutralize hostile forces swiftly with precision strikes. Once the area is secure, initiate controlled demolition of nuclear waste barrels using specialized explosives to ensure complete destruction. Coordinate with local authorities to manage any fallout and ensure public safety. Maintain communication with command to adapt to any developments. Mission success hinges on speed, accuracy, and containment.

Mission: Intercept the Ambush / Destroy all threats / Destroy all nuclear waste barrels.

GPS 3620.06 / 2132.77


<!-- Event -->
<!-- Mission Dirty Bomb -->
<event name="StaticMissionDirtyBomb">
	<nominal>1</nominal>
	<min>0</min>
	<max>0</max>
	<lifetime>1800</lifetime>
	<restock>0</restock>
	<saferadius>100</saferadius>
	<distanceradius>10</distanceradius>
	<cleanupradius>1000</cleanupradius>
	<secondary>InfectedAmbush</secondary>
	<flags deletable="1" init_random="0" remove_damaged="0"/>
	<position>fixed</position>
	<limit>child</limit>
	<active>1</active>
	<children/>
</event>
<!-- Spawn -->
<!-- Mission Dirty Bomb -->
<event name="StaticMissionDirtyBomb">
	<zone smin="0" smax="0" dmin="30" dmax="40" r="70" />
	<pos x="3599.822021484375" z="2150.344970703125" a="0" y="7.585570335388184" group="MissionDirtyBomb"/>
</event>
<!-- Group -->
<!-- Mission Dirty Bomb -->
<group name="MissionDirtyBomb">
	<child type="Land_Wreck_V3S_DE" lootmax="2" lootmin="1"  deloot="0" x="0" z="0" a="58.957759857177734" y="0"/>
	<child type="Land_Wreck_sed02_aban2_red_DE" lootmax="2" lootmin="1" spawnsecondary="false" x="7.616455078125" z="47.703125" a="0" y="-0.974769115447998"/>
	<child type="Land_Wreck_sed02_aban1_red_DE" lootmax="2" lootmin="1" spawnsecondary="false" x="39.559814453125" z="27.79736328125" a="0" y="-0.8100323677062988"/>
	<child type="Land_Wreck_sed01_aban2_white_DE" lootmax="2" lootmin="1" spawnsecondary="false" x="40.58349609375" z="16.48388671875" a="337.7315311431885" y="-0.8940567970275879"/>
	<child type="Land_wreck_truck01_aban1_blue_DE" lootmax="2" lootmin="1" spawnsecondary="false" x="30.891845703125" z="68.144775390625" a="0" y="-1.6232891082763672"/>
	<child type="Land_Wreck_hb02_aban1_blue_DE" lootmax="2" lootmin="1" spawnsecondary="false" x="35.232177734375" z="20.2109375" a="0" y="-0.8790526390075684"/>
	<child type="Land_Wreck_hb01_aban2_blue_DE" lootmax="2" lootmin="1" spawnsecondary="false" x="23.033935546875" z="46.284912109375" a="0" y="-0.7128405570983887"/>
	<child type="Land_wreck_truck01_aban1_orange_DE" lootmax="2" lootmin="1" spawnsecondary="false" x="4.60400390625" z="53.6748046875" a="0" y="-1.6136598587036133"/>
	<child type="StaticObj_Tank_Small_Rusty" spawnsecondary="false" x="-17.900390625" z="11.515625" a="0" y="0.30986595153808594"/>
	<child type="StaticObj_Decon_CBRNCase_01_F" spawnsecondary="false" x="-10.724853515625" z="7.120849609375" a="0" y="-0.846461296081543"/>
	<child type="StaticObj_Decon_CBRNCase_01_F" spawnsecondary="false" x="-10.9365234375" z="6.958984375" a="0" y="-0.846461296081543"/>
	<child type="Barrel_Yellow" spawnsecondary="false" x="-12.362548828125" z="7.135498046875" a="0" y="-1.0218071937561035"/>
	<child type="Barrel_Yellow" spawnsecondary="false" x="-13.171875" z="7.085693359375" a="0" y="-1.0218071937561035"/>
	<child type="Barrel_Yellow" spawnsecondary="false" x="-11.8271484375" z="7.8701171875" a="0" y="-1.0218071937561035"/>
	<child type="Barrel_Yellow" spawnsecondary="false" x="-12.636474609375" z="7.8203125" a="0" y="-1.0218071937561035"/>
	<child type="Barrel_Yellow" spawnsecondary="false" x="-14.136474609375" z="7.3203125" a="0" y="-1.0218071937561035"/>
	<child type="StaticObj_Misc_Pallets2" spawnsecondary="false" x="-12.5458984375" z="10.8642578125" a="0" y="-0.6018986701965332"/>
	<child type="StaticObj_PalletTrolley_01_yellow_F" spawnsecondary="false" x="-9.523681640625" z="10.33740234375" a="233.50641632080078" y="-0.32873106002807617"/>
	<child type="StaticObj_Misc_Pallets3" spawnsecondary="false" x="-10.870361328125" z="12.31103515625" a="0" y="-0.24771928787231445"/>
	<child type="Barrel_Yellow" spawnsecondary="false" x="-7.362548828125" z="6.488037109375" a="0" y="-1.0343070030212402"/>
	<child type="Barrel_Yellow" spawnsecondary="false" x="-8.171875" z="6.438232421875" a="0" y="-1.0343070030212402"/>
	<child type="Barrel_Yellow" spawnsecondary="false" x="-6.8271484375" z="7.22265625" a="0" y="-1.0343070030212402"/>
	<child type="Barrel_Yellow" spawnsecondary="false" x="-7.636474609375" z="7.1728515625" a="0" y="-1.0343070030212402"/>
	<child type="StaticObj_Decon_CBRNCase_01_F" spawnsecondary="false" x="-6.724853515625" z="7.921630859375" a="0" y="-0.846461296081543"/>
	<child type="StaticObj_Decon_CBRNCase_01_F" spawnsecondary="false" x="-6.9365234375" z="7.759765625" a="0" y="-0.846461296081543"/>
	<child type="StaticObj_Misc_Pallets2" spawnsecondary="false" x="-9.370849609375" z="7.1640625" a="0" y="-0.6250076293945312"/>
	<child type="StaticObj_Misc_Pallets3" spawnsecondary="false" x="-16.321044921875" z="7.482421875" a="0" y="-0.32272815704345703"/>
	<child type="StaticObj_Decon_HazmatBag_01_F" spawnsecondary="false" x="-8.324951171875" z="7.810791015625" a="0" y="-0.6246557235717773"/>
	<child type="StaticObj_Decon_HazmatBag_01_F" spawnsecondary="false" x="-11.509765625" z="10.739990234375" a="0" y="-0.6871547698974609"/>
	<child type="StaticObj_Decon_HazmatBag_01_F" spawnsecondary="false" x="-10.7109375" z="6.515869140625" a="0" y="-0.6246557235717773"/>
	<child type="StaticObj_Decon_HazmatBag_01_F" spawnsecondary="false" x="-11.5078125" z="6.515869140625" a="0" y="-0.6246557235717773"/>
	<child type="ZmbM_NBC_Yellow" spawnsecondary="false" x="-10.387451171875" z="8.7373046875" a="0" y="-0.9953365325927734"/>
	<child type="ZmbM_NBC_Yellow" spawnsecondary="false" x="-15.04931640625" z="6.45654296875" a="0" y="-0.9953432083129883"/>
	<child type="ZmbM_NBC_Yellow" spawnsecondary="false" x="-6.140625" z="5.8525390625" a="0" y="-1.0189766883850098"/>
	<child type="ZmbM_NBC_Yellow" spawnsecondary="false" x="-8.34326171875" z="11.422119140625" a="93.70932006835938" y="-1.020345687866211"/>
	<child type="ZmbM_NBC_Yellow" spawnsecondary="false" x="-15.35107421875" z="8.9033203125" a="0" y="-0.9828395843505859"/>
	<child type="ZmbM_NBC_Yellow" spawnsecondary="false" x="-12.898681640625" z="6.0556640625" a="0" y="-0.9828414916992188"/>
	<child type="ZmbM_NBC_Yellow" spawnsecondary="false" x="-13.231201171875" z="12.068603515625" a="57.22146987915039" y="-1.0328474044799805"/>
	<child type="StaticObj_Wreck_Train_Wagon_Tanker_DE" lootmax="2" lootmin="1" spawnsecondary="false" x="23.35791015625" z="19.804931640625" a="18.256999969482422" y="0.31427955627441406"/>
	<child type="Land_Train_Wagon_Box_Mil_DE" lootmax="2" lootmin="1" spawnsecondary="false" x="30.523193359375" z="41.786376953125" a="18.256999969482422" y="0.1876220703125"/>
	<child type="StaticObj_Wreck_Train_742_Blue_Mil_DE" lootmax="2" lootmin="1" spawnsecondary="false" x="38.193359375" z="65.386474609375" a="18.256999969482422" y="0.7494602203369141"/>
	<child type="StaticObj_Wreck_Train_Wagon_Tanker_DE" lootmax="2" lootmin="1" spawnsecondary="false" x="26.891357421875" z="30.626708984375" a="18.256999969482422" y="0.31427955627441406"/>
	<child type="Land_Train_Wagon_Box_Mil_DE" lootmax="2" lootmin="1" spawnsecondary="false" x="34.2412109375" z="53.33251953125" a="18.256999969482422" y="0.11260795593261719"/>
	<child type="StaticObj_Wreck_Trailer_Cistern" spawnsecondary="false" x="11.46142578125" z="5.390380859375" a="294.75067138671875" y="-1.6581101417541504"/>
	<child type="StaticObj_Wreck_Trailer_Cistern" spawnsecondary="false" x="17.23486328125" z="22.760498046875" a="271.6183090209961" y="-1.6705965995788574"/>
	<child type="Land_Container_1Bo_DE" lootmax="2" lootmin="1" spawnsecondary="false" x="28.487060546875" z="13.702392578125" a="0" y="-0.41355419158935547"/>
	<child type="Land_Container_1Aoh_DE" lootmax="2" lootmin="1" spawnsecondary="false" x="26.5185546875" z="0.260986328125" a="100.26851654052734" y="-0.39153575897216797"/>
	<child type="Land_wreck_truck01_aban1_green_DE" lootmax="2" lootmin="1" spawnsecondary="false" x="5.073974609375" z="11.877197265625" a="242.27389526367188" y="-1.6357879638671875"/>
	<child type="Land_wreck_truck01_aban1_green_DE" lootmax="2" lootmin="1" spawnsecondary="false" x="13.595458984375" z="11.96630859375" a="191.99307250976562" y="-1.6232829093933105"/>
	<child type="Land_wreck_truck01_aban2_green_DE" lootmax="2" lootmin="1" spawnsecondary="false" x="17.420166015625" z="29.871826171875" a="191.3688201904297" y="-1.6018390655517578"/>
	<child type="Land_Wreck_offroad02_aban1_DE" lootmax="2" lootmin="1" spawnsecondary="false" x="8.42529296875" z="23.747314453125" a="272.2787551879883" y="0.23355960845947266"/>
	<child type="Land_Wreck_offroad02_aban2_DE" lootmax="2" lootmin="1" spawnsecondary="false" x="19.070068359375" z="-3.60595703125" a="151.805419921875" y="0.005146026611328125"/>
	<child type="Land_Wreck_offroad02_aban1_DE" lootmax="2" lootmin="1" spawnsecondary="false" x="8.745849609375" z="29.2607421875" a="267.476318359375" y="0.22110462188720703"/>
	<child type="Land_wreck_truck01_aban1_blue_DE" lootmax="2" lootmin="1" spawnsecondary="false" x="0.864013671875" z="43.650390625" a="0" y="-1.5636568069458008"/>
	<child type="Land_Wreck_sed02_aban1_yellow_DE" lootmax="2" lootmin="1" spawnsecondary="false" x="22.910888671875" z="39.4091796875" a="0" y="-0.7790622711181641"/>
	<child type="Land_Wreck_sed01_aban1_wine_DE" lootmax="2" lootmin="1" spawnsecondary="false" x="24.912109375" z="53.615234375" a="0" y="-0.8662734031677246"/>
	<child type="Land_Wreck_V3S_DE" lootmax="2" lootmin="1" spawnsecondary="false" x="3.52880859375" z="-3.1455078125" a="67.568359375" y="-0.18515348434448242"/>
	<child type="Plastic_Explosive" spawnsecondary="false" x="12.9775390625" z="64.474365234375" a="335.7138729095459" y="-1.9226717948913574"/>
	<child type="Plastic_Explosive" spawnsecondary="false" x="12.97998046875" z="64.673583984375" a="356.9813702106476" y="-1.9301791191101074"/>
	<child type="UKAssVest_Black" spawnsecondary="false" x="13.005859375" z="64.389404296875" a="346.14501094818115" y="-1.9835238456726074"/>
	<child type="UKAssVest_Black" spawnsecondary="false" x="7.3486328125" z="54.432373046875" a="113.01471710205078" y="-1.5793795585632324"/>
	<child type="Plastic_Explosive" spawnsecondary="false" x="7.087890625" z="54.573974609375" a="123.85096740722656" y="-1.5460543632507324"/>
	<child type="RemoteDetonator" spawnsecondary="false" x="7.1875" z="54.213623046875" a="28.72576332092285" y="-1.5000338554382324"/>
	<child type="Plastic_Explosive" spawnsecondary="false" x="7.40087890625" z="54.310302734375" a="79.82237243652344" y="-1.5310397148132324"/>
	<child type="Plastic_Explosive" spawnsecondary="false" x="6.9609375" z="57.8095703125" a="335.7138729095459" y="-1.9226641654968262"/>
	<child type="Plastic_Explosive" spawnsecondary="false" x="6.96337890625" z="58.0087890625" a="356.9813702106476" y="-1.9301714897155762"/>
	<child type="UKAssVest_Black" spawnsecondary="false" x="6.9892578125" z="57.724609375" a="346.14501094818115" y="-1.9835162162780762"/>
	<child type="UKAssVest_Black" spawnsecondary="false" x="1.33203125" z="47.767578125" a="113.01471710205078" y="-1.5793719291687012"/>
	<child type="Plastic_Explosive" spawnsecondary="false" x="1.0712890625" z="47.9091796875" a="123.85096740722656" y="-1.5460467338562012"/>
	<child type="RemoteDetonator" spawnsecondary="false" x="1.1708984375" z="47.548828125" a="28.72576332092285" y="-1.5000262260437012"/>
	<child type="Plastic_Explosive" spawnsecondary="false" x="1.38427734375" z="47.6455078125" a="79.82237243652344" y="-1.5310320854187012"/>
	<child type="Barrel_Yellow" spawnsecondary="false" x="3.0869140625" z="46.6923828125" a="0" y="-1.6342811584472656"/>
	<child type="Barrel_Yellow" spawnsecondary="false" x="1.981201171875" z="13.02099609375" a="0" y="-1.5967884063720703"/>
	<child type="Barrel_Yellow" spawnsecondary="false" x="2.981201171875" z="14.431884765625" a="0" y="-1.5967884063720703"/>
	<child type="StaticObj_Garbage_Pile5" spawnsecondary="false" x="-0.438232421875" z="5.72265625" a="0" y="-1.6872310638427734"/>
	<child type="UKAssVest_Black" spawnsecondary="false" x="23.024169921875" z="53.26025390625" a="113.01471710205078" y="-1.5793743133544922"/>
	<child type="Plastic_Explosive" spawnsecondary="false" x="22.763427734375" z="53.40185546875" a="123.85096740722656" y="-1.5460491180419922"/>
	<child type="RemoteDetonator" spawnsecondary="false" x="22.863037109375" z="53.04150390625" a="28.72576332092285" y="-1.5000286102294922"/>
	<child type="Plastic_Explosive" spawnsecondary="false" x="23.076416015625" z="53.13818359375" a="79.82237243652344" y="-1.5310344696044922"/>
	<child type="Land_Wall_Gate_Tin6_2" spawnsecondary="false" x="-24.678955078125" z="7.274169921875" a="89.33696746826172" y="-0.20395421981811523"/>
	<child type="Land_Wall_Gate_Tin6_2" spawnsecondary="false" x="-4.158447265625" z="11.764892578125" a="269.6861038208008" y="-0.19144964218139648"/>
	<child type="ZmbM_Mummy" spawnsecondary="false" x="-5.634033203125" z="9.121826171875" a="0" y="-1.0219340324401855"/>
	<child type="ZmbM_Mummy" spawnsecondary="false" x="-5.9951171875" z="8.773193359375" a="0" y="-1.0219340324401855"/>
</group>
