Dynamic Mission - Terrorist Ambush
In the rugged hills, the terrorist clan convened, mapping their sinister design. Intel on a military explosives convoy's path ignited their fervor. Each member, a cog in the wheel of destruction, meticulously plotted the ambush. Arms were readied, explosives primed, and routes strategized. Amidst the tension, a chilling resolve permeated the air, fueled by fervent ideology. 

Mission: Locate the ambush / destroy all threats / destroy all explosives

GPS Location: 7284.83 / 14958.30

-----------------------------------------------------------------
Setup:
Military Convoy with explosives
Terrorist Convoy Ambush to get their hands on the explosives.

2 Events trigger this mission.
Militar Convoy and Mixed Soldier Terrorist Infected


-----------------------------------------------------------------
Installation:
Add to events.xml
<!-- Mission Terrorist Ambush -->
<event name="StaticMissionAmbush">
  <nominal>1</nominal>
  <min>0</min>
  <max>0</max>
  <lifetime>1800</lifetime>
  <restock>0</restock>
  <saferadius>100</saferadius>
  <distanceradius>10</distanceradius>
  <cleanupradius>1000</cleanupradius>
  <secondary>InfectedAmbush</secondary>
     <flags deletable="1" init_random="0" remove_damaged="0"/>
     <position>fixed</position>
     <limit>child</limit>
     <active>1</active>
     <children/>
</event>
-----------------------------------------------------------------
Add to eventspawns.xml

<!-- Mission Terrorist Ambush -->
<event name="StaticMissionAmbush">
	<zone smin="0" smax="0" dmin="25" dmax="35" r="70" />
	<pos x="7264.05908203125" z="14937.35546875" a="0" y="412.6876525878906" group="MissionAmbush"/>
</event>

-----------------------------------------------------------------
Add to eventgroups.xml

<!-- Mission Terrorist Ambush -->
<group name="StaticMissionAmbushGroup">
	<child type="StaticObj_ammoboxes_big" deloot="0" x="0" z="0" a="113.15499877929688" y="0"/>
	<child type="StaticObj_ammoboxes_single" spawnsecondary="false" x="-0.7197265625" z="-3.6103515625" a="0" y="-0.5601806640625"/>
	<child type="StaticObj_ammoboxes_single" spawnsecondary="false" x="3.5009765625" z="4.044921875" a="0" y="-0.19964599609375"/>
	<child type="AmmoBox" spawnsecondary="false" x="5.15771484375" z="4.98046875" a="0" y="-0.432403564453125"/>
	<child type="AmmoBox" spawnsecondary="false" x="5.1474609375" z="2.173828125" a="0" y="-0.58526611328125"/>
	<child type="AmmoBox" spawnsecondary="false" x="0.71875" z="-3.8818359375" a="0" y="-0.87530517578125"/>
	<child type="Plastic_Explosive" spawnsecondary="false" x="6.30810546875" z="5.412109375" a="0" y="-0.42938232421875"/>
	<child type="Plastic_Explosive" spawnsecondary="false" x="4.23583984375" z="6.3349609375" a="0" y="-0.40557861328125"/>
	<child type="Plastic_Explosive" spawnsecondary="false" x="5.6220703125" z="2.18359375" a="0" y="-0.617156982421875"/>
	<child type="Plastic_Explosive" spawnsecondary="false" x="8.26953125" z="5.11328125" a="0" y="-0.41925048828125"/>
	<child type="Plastic_Explosive" spawnsecondary="false" x="4.072265625" z="4.6103515625" a="0" y="-0.509185791015625"/>
	<child type="Ammo_40mm_Explosive" spawnsecondary="false" x="5.1201171875" z="5.4833984375" a="0" y="-0.48291015625"/>
	<child type="Ammo_40mm_Explosive" spawnsecondary="false" x="7.22607421875" z="6.8740234375" a="0" y="-0.376708984375"/>
	<child type="Ammo_40mm_Explosive" spawnsecondary="false" x="8.32763671875" z="9.7861328125" a="0" y="-0.23785400390625"/>
	<child type="Ammo_40mm_Explosive" spawnsecondary="false" x="5.8720703125" z="9.017578125" a="0" y="-0.2802734375"/>
	<child type="Ammo_40mm_Explosive" spawnsecondary="false" x="9.21923828125" z="2.8125" a="0" y="-0.57958984375"/>
	<child type="Ammo_40mm_Explosive" spawnsecondary="false" x="5.42333984375" z="1.5068359375" a="0" y="-0.682891845703125"/>
	<child type="Plastic_Explosive" spawnsecondary="false" x="2.9150390625" z="-0.9033203125" a="0" y="-0.760894775390625"/>
	<child type="Plastic_Explosive" spawnsecondary="false" x="0.125" z="3.033203125" a="0" y="-0.627685546875"/>
	<child type="Plastic_Explosive" spawnsecondary="false" x="0.4658203125" z="-3.19921875" a="0" y="-0.884796142578125"/>
	<child type="Plastic_Explosive" spawnsecondary="false" x="0.18701171875" z="-6.283203125" a="0" y="-1.0948486328125"/>
	<child type="Plastic_Explosive" spawnsecondary="false" x="-0.046875" z="-5.591796875" a="0" y="-1.04583740234375"/>
	<child type="Ammo_40mm_Explosive" spawnsecondary="false" x="1.611328125" z="-2.1474609375" a="0" y="-0.8548583984375"/>
	<child type="Ammo_40mm_Explosive" spawnsecondary="false" x="-3.2060546875" z="-2.3193359375" a="0" y="-0.976043701171875"/>
	<child type="Ammo_40mm_Explosive" spawnsecondary="false" x="-1.92626953125" z="1.3017578125" a="0" y="-0.763580322265625"/>
	<child type="Ammo_40mm_ChemGas" spawnsecondary="false" x="2.65380859375" z="-0.306640625" a="0" y="-0.77874755859375"/>
	<child type="Ammo_40mm_ChemGas" spawnsecondary="false" x="2.4384765625" z="0.119140625" a="0" y="-0.76580810546875"/>
	<child type="Ammo_40mm_ChemGas" spawnsecondary="false" x="-0.05078125" z="-6.8876953125" a="0" y="-1.185882568359375"/>
	<child type="Ammo_40mm_ChemGas" spawnsecondary="false" x="-2.20361328125" z="-3.0478515625" a="0" y="-0.98431396484375"/>
	<child type="Ammo_40mm_ChemGas" spawnsecondary="false" x="7.3125" z="4.81640625" a="0" y="-0.48602294921875"/>
	<child type="Ammo_40mm_ChemGas" spawnsecondary="false" x="3.66748046875" z="5.6484375" a="0" y="-0.49066162109375"/>
	<child type="Ammo_40mm_ChemGas" spawnsecondary="false" x="6.60400390625" z="6.9990234375" a="0" y="-0.368621826171875"/>
	<child type="Ammo_40mm_ChemGas" spawnsecondary="false" x="6.640625" z="-0.3017578125" a="0" y="-0.721466064453125"/>
	<child type="Ammo_40mm_Smoke_Red" spawnsecondary="false" x="3.4462890625" z="-0.9580078125" a="0" y="-0.798919677734375"/>
	<child type="Ammo_40mm_Smoke_Green" spawnsecondary="false" x="4.48486328125" z="2.8203125" a="0" y="-0.64849853515625"/>
	<child type="Ammo_40mm_Smoke_Red" spawnsecondary="false" x="5.63916015625" z="5.31640625" a="0" y="-0.485137939453125"/>
	<child type="Ammo_40mm_Smoke_White" spawnsecondary="false" x="2.47314453125" z="3.1845703125" a="0" y="-0.636474609375"/>
	<child type="RemoteDetonator" spawnsecondary="false" x="5.90283203125" z="4.955078125" a="0" y="-0.46588134765625"/>
	<child type="RemoteDetonator" spawnsecondary="false" x="2.92236328125" z="0.6162109375" a="0" y="-0.712127685546875"/>
	<child type="RemoteDetonator" spawnsecondary="false" x="1.19482421875" z="-3" a="0" y="-0.858428955078125"/>
	<child type="StaticObj_Wreck_BMP2_DE" lootmax="3" lootmin="1" spawnsecondary="false" x="18.48779296875" z="4.5068359375" a="167.084716796875" y="0.100006103515625"/>
	<child type="Land_wreck_truck01_aban2_orange_DE" lootmax="3" lootmin="1" spawnsecondary="false" x="9.96923828125" z="8.34765625" a="211.735595703125" y="-0.475921630859375"/>
	<child type="Land_wreck_truck01_aban1_green_DE" lootmax="3" lootmin="1" spawnsecondary="false" x="3.642578125" z="-2.177734375" a="217.035888671875" y="-0.997314453125"/>
	<child type="Land_wreck_truck01_aban2_firetruck_DE" lootmax="3" lootmin="1" spawnsecondary="false" x="27.0615234375" z="28.2841796875" a="37.03695297241211" y="1.091644287109375"/>
	<child type="Land_Wreck_V3S_DE" lootmax="3" lootmin="1" spawnsecondary="false" x="-6.021484375" z="-2.1748046875" a="163.35484313964844" y="0.58953857421875"/>
	<child type="Land_wreck_truck01_aban2_blue_DE" lootmax="3" lootmin="1" spawnsecondary="false" x="20.521484375" z="28.88671875" a="56.87624740600586" y="0.83392333984375"/>
	<child type="Land_Wreck_offroad02_aban2_DE" lootmax="3" lootmin="1" spawnsecondary="false" x="19.62255859375" z="14.15625" a="215.96932983398438" y="1.521240234375"/>
	<child type="Land_Wreck_offroad02_aban2_DE" lootmax="3" lootmin="1" spawnsecondary="false" x="7.427734375" z="13.9033203125" a="203.5237579345703" y="1.68304443359375"/>
	<child type="StaticObj_Wreck_BRDM_DE" lootmax="3" lootmin="1" spawnsecondary="false" x="12.68505859375" z="20.0107421875" a="175.81788635253906" y="1.64874267578125"/>
	<child type="StaticObj_Wreck_BMP2_DE" lootmax="3" lootmin="1" spawnsecondary="false" x="4.4248046875" z="-12.173828125" a="358.3863682746887" y="-0.480010986328125"/>
	<child type="Land_Wreck_hb01_aban1_green_DE" lootmax="3" lootmin="1" spawnsecondary="false" x="22.509765625" z="19.3994140625" a="19.544048309326172" y="1.542236328125"/>
	<child type="Land_Wreck_sed02_aban2_red_DE" lootmax="3" lootmin="1" spawnsecondary="false" x="36.79345703125" z="41.052734375" a="22.422792434692383" y="2.671356201171875"/>
	<child type="Land_Wreck_sed02_aban1_grey_DE" lootmax="3" lootmin="1" spawnsecondary="false" x="30.87255859375" z="37.19921875" a="44.36604309082031" y="2.355377197265625"/>
	<child type="Land_Wreck_sed01_aban2_white_DE" lootmax="3" lootmin="1" spawnsecondary="false" x="-17.3896484375" z="-20.7001953125" a="272.38072204589844" y="-2.201995849609375"/>
	<child type="Land_Wreck_hb02_aban2_blue_DE" lootmax="3" lootmin="1" spawnsecondary="false" x="-18.90185546875" z="-27.44140625" a="228.42730712890625" y="-2.850189208984375"/>
	<child type="Land_Wreck_offroad02_aban1_DE" lootmax="3" lootmin="1" spawnsecondary="false" x="-8.5966796875" z="-19.783203125" a="339.59972953796387" y="-0.951690673828125"/>
	<child type="StaticObj_Wreck_Bulldozer" spawnsecondary="false" x="-12.3037109375" z="-21.017578125" a="207.17129516601562" y="-1.28948974609375"/>
	<child type="StaticObj_Wreck_Bulldozer" spawnsecondary="false" x="16.1611328125" z="21.689453125" a="66.55326080322266" y="2.062408447265625"/>
	<child type="Land_Wreck_offroad02_aban2_DE" lootmax="3" lootmin="1" spawnsecondary="false" x="-8.81884765625" z="-10.3310546875" a="123.13448333740234" y="-0.110198974609375"/>
	<child type="StaticObj_ammoboxes_stacked" spawnsecondary="false" x="6.15869140625" z="3.296875" a="0" y="0.012298583984375"/>
	<child type="StaticObj_ammoboxes_single" spawnsecondary="false" x="5.45458984375" z="6.4130859375" a="0" y="-0.017486572265625"/>
</group>

