Dynamic Mission - The Shipment

A deal between terrorists and cartel members is set at a gas station in the southwestern region. The mission is to locate and eliminate all targets. Surveillance indicates heavy armed presence and potential civilian interference. Operatives must approach with stealth, neutralize external guards, and infiltrate the meeting point. Ensure minimal collateral damage and secure any intel on future operations. Extraction will be via the northern route once the area is cleared. Confirm all targets are neutralized before exfiltration. Proceed with extreme caution.

Mission: Stop the deal / Eliminate all threats

<!-- Event -->
<!-- Mission Shipment -->
<event name="StaticMissionShipment" lootmax="2" lootmin="1">
	<nominal>1</nominal>
	<min>0</min>
	<max>0</max>
	<lifetime>1800</lifetime>
	<restock>0</restock>
	<saferadius>100</saferadius>
	<distanceradius>10</distanceradius>
	<cleanupradius>1000</cleanupradius>
	<secondary>InfectedCartel</secondary>
	<flags deletable="1" init_random="0" remove_damaged="0"/>
	<position>fixed</position>
	<limit>child</limit>
	<active>1</active>
	<children/>
</event>
<!-- Spawn -->
<!-- Mission Shipment -->
<event name="StaticMissionShipment" lootmax="2" lootmin="1">
	<zone smin="0" smax="0" dmin="60" dmax="80" r="70" />
	<pos x="1130.5496826171875" z="2396.073974609375" a="0" y="6.819170951843262" group="MissionShipment"/>
</event>
<!-- Group -->
<!-- Mission Shipment -->
<group name="MissionShipment">
	<child type="StaticObj_Misc_SupplyBox2_DE" lootmax="2" lootmin="1" deloot="0" x="0" z="0" a="0" y="0"/>
	<child type="StaticObj_Misc_SupplyBox2_DE" lootmax="2" lootmin="1" spawnsecondary="false" x="1.03515625" z="1.5908203125" a="0" y="-0.022251129150390625"/>
	<child type="StaticObj_Misc_SupplyBox2_DE" lootmax="2" lootmin="1" spawnsecondary="false" x="-1.3009033203125" z="7.7353515625" a="0" y="-0.17696666717529297"/>
	<child type="StaticObj_Misc_SupplyBox1_DE" lootmax="2" lootmin="1" spawnsecondary="false" x="-4.1622314453125" z="6.14404296875" a="0" y="-0.4590320587158203"/>
	<child type="StaticObj_Misc_SupplyBox1_DE" lootmax="2" lootmin="1" spawnsecondary="false" x="-2.6298828125" z="-1.3037109375" a="0" y="-0.2554817199707031"/>
	<child type="StaticObj_Wreck_Trailer_Flat_DE" lootmax="2" lootmin="1" spawnsecondary="false" x="19.5828857421875" z="1.881591796875" a="92.0615005493164" y="0.40302467346191406"/>
	<child type="Land_wreck_truck01_aban2_green_DE" lootmax="2" lootmin="1" spawnsecondary="false" x="-12.7645263671875" z="-4.0751953125" a="284.5804443359375" y="-1.0320849418640137"/>
	<child type="Land_wreck_truck01_aban2_orange_DE" lootmax="2" lootmin="1" spawnsecondary="false" x="9.8271484375" z="8.32568359375" a="280.6691436767578" y="-0.9224286079406738"/>
	<child type="Land_wreck_truck01_aban1_blue_DE" lootmax="2" lootmin="1" spawnsecondary="false" x="-14.764892578125" z="4.587158203125" a="278.32032775878906" y="-1.285292148590088"/>
	<child type="Land_wreck_truck01_aban2_orange_DE" lootmax="2" lootmin="1" spawnsecondary="false" x="11.99609375" z="1.996337890625" a="96.53010559082031" y="-0.7937178611755371"/>
	<child type="Land_Wreck_hb01_aban1_blue_DE" lootmax="2" lootmin="1" spawnsecondary="false" x="-16.232421875" z="-15.61328125" a="238.61236572265625" y="0.038552284240722656"/>
	<child type="Land_Wreck_sed01_aban2_wine_DE" lootmax="2" lootmin="1" spawnsecondary="false" x="0.718994140625" z="-9.591064453125" a="271.5003890991211" y="-0.0931096076965332"/>
	<child type="Land_Wreck_sed01_aban1_black_DE" lootmax="2" lootmin="1" spawnsecondary="false" x="21.3048095703125" z="11.98876953125" a="53.05950927734375" y="-0.10213947296142578"/>
	<child type="Land_Wreck_sed01_aban2_wine_DE" lootmax="2" lootmin="1" spawnsecondary="false" x="-20.296875" z="-11.736572265625" a="205.77687072753906" y="-0.38005924224853516"/>
	<child type="Land_Wreck_hb01_aban2_green_DE" lootmax="2" lootmin="1" spawnsecondary="false" x="32.6427001953125" z="4.167724609375" a="83.08744812011719" y="0.20937824249267578"/>
	<child type="Land_Wreck_sed02_aban1_red_DE" lootmax="2" lootmin="1" spawnsecondary="false" x="-10.12548828125" z="-10.28369140625" a="248.3836669921875" y="-0.05948686599731445"/>
	<child type="Land_Wreck_sed02_aban2_grey_DE" lootmax="2" lootmin="1" spawnsecondary="false" x="-23.99853515625" z="-19.36083984375" a="205.17311096191406" y="-0.39142751693725586"/>
	<child type="Land_Wreck_sed02_aban1_red_DE" lootmax="2" lootmin="1" spawnsecondary="false" x="28.9073486328125" z="9.841796875" a="85.04337310791016" y="0.09962177276611328"/>
	<child type="Land_Wreck_V3S_DE" lootmax="2" lootmin="1" spawnsecondary="false" x="10.140869140625" z="-5.0693359375" a="64.19154357910156" y="0.7920780181884766"/>
	<child type="Land_Wreck_V3S_DE" lootmax="2" lootmin="1" spawnsecondary="false" x="-9.26904296875" z="12.360595703125" a="66.71857452392578" y="0.32153987884521484"/>
	<child type="StaticObj_ammoboxes_big" spawnsecondary="false" x="2.4251708984375" z="9.7685546875" a="0" y="-0.14492273330688477"/>
	<child type="StaticObj_ammoboxes_stacked" spawnsecondary="false" x="4.5716552734375" z="2.560302734375" a="0" y="-0.19827651977539062"/>
	<child type="StaticObj_ammoboxes_single" spawnsecondary="false" x="2.51318359375" z="6.25" a="0" y="-0.48621416091918945"/>
	<child type="StaticObj_Decon_HazmatBag_01_F" spawnsecondary="false" x="-7.884521484375" z="4.269287109375" a="0" y="-0.7332334518432617"/>
	<child type="StaticObj_Decon_HazmatBag_01_F" spawnsecondary="false" x="-8.7454833984375" z="3.45654296875" a="0" y="-0.7280454635620117"/>
	<child type="StaticObj_Decon_HazmatBag_01_F" spawnsecondary="false" x="-5.6749267578125" z="-2.5791015625" a="0" y="-0.4982872009277344"/>
	<child type="StaticObj_Decon_HazmatBag_01_F" spawnsecondary="false" x="-6.637451171875" z="-3.172607421875" a="0" y="-0.48756980895996094"/>
	<child type="StaticObj_Decon_HazmatBag_01_F" spawnsecondary="false" x="-10.3499755859375" z="0.552490234375" a="0" y="-0.7163066864013672"/>
	<child type="StaticObj_Furniture_box_c_multi" spawnsecondary="false" x="-7.9813232421875" z="-0.679931640625" a="0" y="-1.0189852714538574"/>
	<child type="StaticObj_Furniture_box_c_multi" spawnsecondary="false" x="-17.087890625" z="1.071533203125" a="0" y="-1.184514045715332"/>
	<child type="StaticObj_Furniture_box_c_multi" spawnsecondary="false" x="-13.35009765625" z="-6.984619140625" a="0" y="-0.5606851577758789"/>
	<child type="StaticObj_Furniture_bag_DZ" spawnsecondary="false" x="-9.0404052734375" z="4.070068359375" a="0" y="-0.754570484161377"/>
	<child type="StaticObj_Furniture_bag_DZ" spawnsecondary="false" x="-6.8052978515625" z="-2.534912109375" a="0" y="-0.5203680992126465"/>
	<child type="StaticObj_Furniture_bag_DZ" spawnsecondary="false" x="-11.2198486328125" z="0.605712890625" a="0" y="-0.7279086112976074"/>
	<child type="StaticObj_Furniture_bag_DZ" spawnsecondary="false" x="-12.111572265625" z="1.735595703125" a="0" y="-0.7433743476867676"/>
	<child type="Land_Roadblock_WoodenCrate" spawnsecondary="false" x="-7.0811767578125" z="6.082275390625" a="0" y="-0.848261833190918"/>
	<child type="StaticObj_Misc_WoodenCrate_5x" spawnsecondary="false" x="-13.556640625" z="9.214111328125" a="0" y="-0.29814672470092773"/>
	<child type="StaticObj_Misc_WoodenCrate_5x" spawnsecondary="false" x="-16.289794921875" z="-5.750244140625" a="0" y="-0.5577330589294434"/>
	<child type="StaticObj_Misc_WoodenCrate" spawnsecondary="false" x="-3.562744140625" z="-3.30322265625" a="0" y="-0.6525688171386719"/>
	<child type="Plastic_Explosive" spawnsecondary="false" x="1.04833984375" z="-2.919677734375" a="0" y="-0.7598981857299805"/>
	<child type="Plastic_Explosive_Placing" spawnsecondary="false" x="-1.24951171875" z="1.83203125" a="0" y="-0.9016766548156738"/>
	<child type="Plastic_Explosive_Placing" spawnsecondary="false" x="-8.5545654296875" z="-1.353271484375" a="0" y="-0.8772525787353516"/>
	<child type="Plastic_Explosive_Placing" spawnsecondary="false" x="7.8734130859375" z="2.265380859375" a="0" y="-0.7428493499755859"/>
	<child type="RemoteDetonator" spawnsecondary="false" x="-8.65869140625" z="-1.9033203125" a="0" y="-0.8568902015686035"/>
	<child type="RemoteDetonator" spawnsecondary="false" x="9.0052490234375" z="2.310302734375" a="0" y="-0.7136640548706055"/>
	<child type="Ammo_40mm_Smoke_Red" spawnsecondary="false" x="1.42236328125" z="-1.5517578125" a="0" y="-0.8285074234008789"/>
	<child type="Ammo_40mm_Smoke_Red" spawnsecondary="false" x="-1.5833740234375" z="2.229248046875" a="0" y="-0.9542984962463379"/>
	<child type="Ammo_40mm_Smoke_Red" spawnsecondary="false" x="-2.7537841796875" z="7.343994140625" a="0" y="-1.0357074737548828"/>
	<child type="Ammo_40mm_Smoke_Red" spawnsecondary="false" x="-6.16552734375" z="-0.865234375" a="0" y="-0.9021768569946289"/>
	<child type="Ammo_40mm_Smoke_White" spawnsecondary="false" x="4.0006103515625" z="0.57763671875" a="0" y="-0.8615474700927734"/>
</group>
