Dynamic Mission - Heisenberg

Your mission is to locate and destroy the drug lab where the cartel produces Heisenberg. The lab is hidden in an old lumber mill near the train tracks in the western area. Use stealth and precision to avoid detection. Approach the mill with caution, identify the lab setup, and ensure minimal collateral damage. Neutralize any hostile forces encountered. Once the lab is located, plant explosives in key areas to ensure complete destruction. Evacuate the site promptly after detonation. Confirm mission completion with visual evidence and report back for debriefing. Good luck, and stay safe.

Mission: Locate the Lab / Eliminate all threats / Destroy Lab


<!-- Event -->
<!-- Mission Heisenberg -->
<event name="StaticMissionHeisenberg">
	<nominal>1</nominal>
	<min>0</min>
	<max>0</max>
	<lifetime>1800</lifetime>
	<restock>0</restock>
	<saferadius>100</saferadius>
	<distanceradius>10</distanceradius>
	<cleanupradius>1000</cleanupradius>
	<secondary>InfectedCartel</secondary>
	<flags deletable="1" init_random="0" remove_damaged="0"/>
	<position>fixed</position>
	<limit>child</limit>
	<active>1</active>
	<children/>
</event>
<!-- Spawn -->
<!-- Mission Heisenberg -->
<event name="StaticMissionHeisenberg">
	<zone smin="0" smax="0" dmin="25" dmax="35" r="70" />
	<pos x="938.37646484375" z="7583.4423828125" a="0" y="181.5591278076172" group="MissionHeisenberg"/>
</event>
<!-- Group -->
<!-- Mission Heisenberg -->
<group name="MissionHeisenberg">
	<child type="ZmbM_DoctorFat" deloot="0" x="0" z="0" a="0" y="0"/>
	<child type="ZmbM_DoctorFat" spawnsecondary="false" x="-2.399658203125" z="-2.30517578125" a="0" y="-0.0124969482421875"/>
	<child type="ZmbM_DoctorFat" spawnsecondary="false" x="-3.80230712890625" z="1.51171875" a="0" y="0.0000152587890625"/>
	<child type="ZmbM_NBC_Yellow" spawnsecondary="false" x="-0.1060791015625" z="-1.623046875" a="160.41018676757812" y="-0.0188140869140625"/>
	<child type="ZmbM_NBC_Yellow" spawnsecondary="false" x="-3.28045654296875" z="-0.83251953125" a="0" y="-0.00604248046875"/>
	<child type="Land_wreck_truck01_aban2_orange_DE" lootmax="2" lootmin="1" spawnsecondary="false" x="-0.2359619140625" z="14.06103515625" a="182.65933227539062" y="-0.450439453125"/>
	<child type="Land_wreck_truck01_aban1_blue_DE" lootmax="2" lootmin="1" spawnsecondary="false" x="7.45269775390625" z="6.701171875" a="148.34799194335938" y="-0.4217681884765625"/>
	<child type="Land_wreck_truck01_aban1_firetruck_DE" lootmax="2" lootmin="1" spawnsecondary="false" x="17.62969970703125" z="18.8466796875" a="0" y="-0.5923614501953125"/>
	<child type="Land_Wreck_sed02_aban2_yellow_DE" lootmax="2" lootmin="1" spawnsecondary="false" x="15.26226806640625" z="-17.7880859375" a="216.56201171875" y="0.2876434326171875"/>
	<child type="Land_Wreck_sed02_aban1_grey_DE" lootmax="2" lootmin="1" spawnsecondary="false" x="10.5687255859375" z="37.5361328125" a="182.6397705078125" y="0.2599029541015625"/>
	<child type="Land_Wreck_hb02_aban1_red_DE" lootmax="2" lootmin="1" spawnsecondary="false" x="-7.35296630859375" z="18.361328125" a="296.8758544921875" y="0.3224639892578125"/>
	<child type="Land_Wreck_hb01_aban2_white_DE" lootmax="2" lootmin="1" spawnsecondary="false" x="16.1505126953125" z="-1.85302734375" a="249.7052001953125" y="0.386505126953125"/>
	<child type="Land_Container_1Aoh_DE" lootmax="2" lootmin="1" spawnsecondary="false" x="-15.78216552734375" z="14.78955078125" a="0" y="0.65997314453125"/>
	<child type="Land_Container_1Mo_DE" lootmax="2" lootmin="1" spawnsecondary="false" x="16.3720703125" z="6.98193359375" a="0" y="0.6725006103515625"/>
	<child type="Land_Container_1Moh_DE" lootmax="2" lootmin="1" spawnsecondary="false" x="-19.10089111328125" z="29.00439453125" a="0" y="0.7100067138671875"/>
	<child type="Land_Container_1Bo_DE" lootmax="2" lootmin="1" spawnsecondary="false" x="9.18695068359375" z="-9.759765625" a="0" y="0.7724761962890625"/>
	<child type="Land_Container_1Aoh_DE" lootmax="2" lootmin="1" spawnsecondary="false" x="13.29364013671875" z="6.9853515625" a="0" y="0.6725006103515625"/>
	<child type="Land_Container_1Moh_DE" lootmax="2" lootmin="1" spawnsecondary="false" x="-0.62744140625" z="31.65771484375" a="351" y="1.950958251953125"/>
	<child type="Barrel_Blue" spawnsecondary="false" x="-5.16650390625" z="7.5166015625" a="0" y="-0.307830810546875"/>
	<child type="Barrel_Green" spawnsecondary="false" x="-4.7991943359375" z="8.48388671875" a="0" y="-0.307830810546875"/>
	<child type="Barrel_Red" spawnsecondary="false" x="-3.087890625" z="-9.42919921875" a="0" y="-0.020416259765625"/>
	<child type="Barrel_Green" spawnsecondary="false" x="-3.60662841796875" z="-8.248046875" a="0" y="-0.0204010009765625"/>
	<child type="Barrel_Yellow" spawnsecondary="false" x="-2.60687255859375" z="-7.9052734375" a="0" y="-0.020416259765625"/>
	<child type="Barrel_Blue" spawnsecondary="false" x="-2.3338623046875" z="-8.94921875" a="0" y="-0.020416259765625"/>
	<child type="StaticObj_Tank_Small_White" spawnsecondary="false" x="-0.7603759765625" z="-12.2822265625" a="0" y="1.0442047119140625"/>
	<child type="StaticObj_Misc_Pallets1" spawnsecondary="false" x="1.2891845703125" z="-6.166015625" a="0" y="0.326934814453125"/>
	<child type="StaticObj_Misc_Pallets3" spawnsecondary="false" x="3.0211181640625" z="-8.99853515625" a="0" y="0.3785858154296875"/>
	<child type="StaticObj_Misc_Pallets3" spawnsecondary="false" x="0.92645263671875" z="-9.34716796875" a="0" y="0.5285491943359375"/>
	<child type="StaticObj_Misc_Pallet" spawnsecondary="false" x="-1.26507568359375" z="-7.60986328125" a="0" y="0.068695068359375"/>
	<child type="StaticObj_PalletTrolley_01_yellow_F" spawnsecondary="false" x="-1.26959228515625" z="-5.3525390625" a="142.98374938964844" y="0.659942626953125"/>
	<child type="StaticObj_Medical_Tarp_Large_Yellow" spawnsecondary="false" x="-0.24847412109375" z="-1.05419921875" a="0" y="0.0021820068359375"/>
	<child type="StaticObj_Furniture_lab_teacher_bench" spawnsecondary="false" x="1.35247802734375" z="-1.7158203125" a="88.29615020751953" y="-0.1101226806640625"/>
	<child type="StaticObj_WhiteBoard_Laboratory" spawnsecondary="false" x="-0.65313720703125" z="1.5947265625" a="0" y="0.4940643310546875"/>
	<child type="StaticObj_Furniture_lab_microscope" spawnsecondary="false" x="-0.54815673828125" z="-0.01318359375" a="0" y="-0.0028076171875"/>
	<child type="StaticObj_Furniture_lab_bench" spawnsecondary="false" x="-1.310546875" z="-3.17236328125" a="0" y="0.0269012451171875"/>
	<child type="StaticObj_Furniture_lab_bunsen" spawnsecondary="false" x="-1.6868896484375" z="-1.3369140625" a="0" y="0.0199737548828125"/>
	<child type="StaticObj_Decon_HazmatBag_01_F" spawnsecondary="false" x="-2.08404541015625" z="0.2138671875" a="0" y="0.38922119140625"/>
	<child type="StaticObj_Decon_HazmatBag_01_F" spawnsecondary="false" x="-2.13427734375" z="-0.26416015625" a="0" y="0.414459228515625"/>
	<child type="StaticObj_Rubble_Glass" spawnsecondary="false" x="-1.17059326171875" z="-0.01123046875" a="0" y="0.00653076171875"/>
	<child type="StaticObj_Rubble_DirtPile_Medium1" spawnsecondary="false" x="0.363525390625" z="-3.22802734375" a="0" y="-0.039459228515625"/>
	<child type="UKAssVest_Black" spawnsecondary="false" x="1.7811279296875" z="-7.31689453125" a="22.133058547973633" y="-0.0344085693359375"/>
	<child type="Plastic_Explosive" spawnsecondary="false" x="1.6436767578125" z="-7.580078125" a="32.969295501708984" y="-0.0010833740234375"/>
	<child type="RemoteDetonator" spawnsecondary="false" x="2.0025634765625" z="-7.47607421875" a="297.844181060791" y="0.0449371337890625"/>
	<child type="Plastic_Explosive" spawnsecondary="false" x="1.9024658203125" z="-7.263671875" a="348.9407482147217" y="0.0139312744140625"/>
	<child type="UKAssVest_Black" spawnsecondary="false" x="16.95953369140625" z="14.0517578125" a="22.133058547973633" y="-0.52178955078125"/>
	<child type="Plastic_Explosive" spawnsecondary="false" x="16.82208251953125" z="13.78857421875" a="32.969295501708984" y="-0.48846435546875"/>
	<child type="RemoteDetonator" spawnsecondary="false" x="17.18096923828125" z="13.892578125" a="297.84417724609375" y="-0.44244384765625"/>
	<child type="Plastic_Explosive" spawnsecondary="false" x="17.08087158203125" z="14.10498046875" a="348.940749168396" y="-0.47344970703125"/>
	<child type="UKAssVest_Black" spawnsecondary="false" x="-2.70928955078125" z="38.15087890625" a="22.133058547973633" y="0.84075927734375"/>
	<child type="Plastic_Explosive" spawnsecondary="false" x="-2.84674072265625" z="37.8876953125" a="32.969295501708984" y="0.87408447265625"/>
	<child type="RemoteDetonator" spawnsecondary="false" x="-2.48785400390625" z="37.99169921875" a="297.84417724609375" y="0.92010498046875"/>
	<child type="Plastic_Explosive" spawnsecondary="false" x="-2.58795166015625" z="38.2041015625" a="348.940749168396" y="0.88909912109375"/>
	<child type="Barrel_Blue" spawnsecondary="false" x="-1.19561767578125" z="7.92919921875" a="0" y="-0.500244140625"/>
	<child type="Barrel_Green" spawnsecondary="false" x="-0.82830810546875" z="8.896484375" a="0" y="-0.500244140625"/>
	<child type="StaticObj_Misc_WoodenCrate_3x" spawnsecondary="false" x="-4.763671875" z="11.11279296875" a="0" y="0.2514801025390625"/>
	<child type="StaticObj_Misc_WoodenCrate_5x" spawnsecondary="false" x="6.33837890625" z="3.1845703125" a="0" y="0.5466461181640625"/>
	<child type="StaticObj_Misc_WoodenCrate" spawnsecondary="false" x="-5.38525390625" z="0.66162109375" a="0" y="0.30255126953125"/>
	<child type="StaticObj_Misc_WoodenCrate_3x" spawnsecondary="false" x="-4.45941162109375" z="-1.7392578125" a="0" y="1.1983184814453125"/>
	<child type="StaticObj_Misc_WoodenCrate_5x" spawnsecondary="false" x="1.33154296875" z="8.63525390625" a="0" y="0.43426513671875"/>
	<child type="StaticObj_Furniture_fridge" spawnsecondary="false" x="-1.9293212890625" z="1.5986328125" a="173.75323486328125" y="-0.021636962890625"/>
	<child type="StaticObj_Furniture_fridge" spawnsecondary="false" x="1.40380859375" z="0.33056640625" a="274.5624008178711" y="-0.021514892578125"/>
	<child type="StaticObj_Furniture_fridge" spawnsecondary="false" x="1.50457763671875" z="1.04833984375" a="87.981689453125" y="-0.0217437744140625"/>
	<child type="Land_Wall_Gate_Tin6_2" spawnsecondary="false" x="3.29205322265625" z="-15.9951171875" a="349.2370128631592" y="0.8349456787109375"/>
	<child type="Land_Wall_Gate_Tin6_2" spawnsecondary="false" x="-4.86724853515625" z="3.4140625" a="168.86265563964844" y="0.8099365234375"/>
</group>
