Mision - Stranded

Amidst the desolate north-eastern coast, survivors clung to hope like driftwood. They scavenged for sustenance, battling relentless winds and biting cold. Each day was a test of resilience, forging bonds as strong as the icy cliffs that hemmed them in. With dwindling supplies, they innovated, crafting shelters from wreckage and fishing with makeshift tools. Yet, the harsh landscape mirrored their internal struggles – fear, despair, and the relentless ache for home. But amidst the bleakness, a flicker of hope endured, kindled by camaraderie and determination. For in their unity, they found the strength to weather the storm, together, as one.

Mission: Locate the ship wrecks / rescue whoever still alive / Find the Book



<!-- Mission Stranded -->
<event name="StaticMissionStranded">
	<nominal>1</nominal>
	<min>0</min>
	<max>0</max>
	<lifetime>1800</lifetime>
	<restock>0</restock>
	<saferadius>100</saferadius>
	<distanceradius>10</distanceradius>
	<cleanupradius>1000</cleanupradius>
	<secondary>InfectedVillage</secondary>
	<flags deletable="1" init_random="0" remove_damaged="0"/>
	<position>fixed</position>
	<limit>child</limit>
	<active>1</active>
	<children/>
</event>
<!-- Spawn -->
<!-- Mission Stranded -->
<event name="StaticMissionStranded">
	<zone smin="0" smax="0" dmin="3" dmax="5" r="20" />
	<pos x="14855.28125" z="13259.2197265625" a="0" y="1.9917595386505127" group="MissionStranded"/>
</event>
<!-- Group -->
<!-- Mission Stranded -->
<group name="MissionStranded">
	<child type="Land_Boat_Small5" deloot="0" x="0" z="0" a="326.8409614562988" y="0"/>
	<child type="Land_Boat_Small4" spawnsecondary="false" x="11.5185546875" z="13.5263671875" a="0" y="-0.40588629245758057"/>
	<child type="BookThreeMenInABoat" spawnsecondary="false" x="-2.74609375" z="13.927734375" a="0" y="0.08257937431335449"/>
	<child type="StaticObj_Furniture_matress_white" spawnsecondary="false" x="-1.6650390625" z="16.56640625" a="327.95550537109375" y="0.04568052291870117"/>
	<child type="StaticObj_Furniture_foldingbed_matress" spawnsecondary="false" x="-4.5283203125" z="13.783203125" a="307.57315826416016" y="-0.2674586772918701"/>
	<child type="JungleBoots_Beige" spawnsecondary="false" x="-2.3115234375" z="16.1845703125" a="327.95550537109375" y="0.11988544464111328"/>
	<child type="HikingBoots_Brown" spawnsecondary="false" x="-1.9482421875" z="11.89453125" a="0" y="-0.2942173480987549"/>
	<child type="StaticObj_Forest_HumanSkeleton" spawnsecondary="false" x="-4.810546875" z="13.8623046875" a="314.36869049072266" y="0.11603879928588867"/>
	<child type="StaticObj_Forest_HumanSkeleton" spawnsecondary="false" x="-3.7470703125" z="5.310546875" a="0" y="-0.4991222620010376"/>
	<child type="StaticObj_Forest_HumanSkeleton" spawnsecondary="false" x="-1.7822265625" z="16.9111328125" a="327.95550537109375" y="0.1661820411682129"/>
	<child type="CombatKnife" spawnsecondary="false" x="-4.755859375" z="13.0478515625" a="35.66591262817383" y="-0.005855679512023926"/>
	<child type="CargoPants_Green" spawnsecondary="false" x="-1.45703125" z="16.1318359375" a="327.95550537109375" y="0.3622477054595947"/>
	<child type="QuiltedJacket_Green" spawnsecondary="false" x="-4.5859375" z="13.7802734375" a="129.71807861328125" y="0.1405467987060547"/>
	<child type="SeaChest" spawnsecondary="false" x="-2.75390625" z="14.42578125" a="0" y="-0.004469394683837891"/>
	<child type="TacticalBaconCan_Opened" spawnsecondary="false" x="-3.7041015625" z="13.6484375" a="35.66591262817383" y="-0.013768792152404785"/>
	<child type="SpaghettiCan_Opened" spawnsecondary="false" x="-2.177734375" z="14.5166015625" a="0" y="-0.012245416641235352"/>
	<child type="OKZKCap_Green" spawnsecondary="false" x="-4.0380859375" z="15.4833984375" a="0" y="0.12981247901916504"/>
	<child type="Firewood" spawnsecondary="false" x="-1.1337890625" z="14.5205078125" a="0" y="-0.05901956558227539"/>
	<child type="Firewood" spawnsecondary="false" x="-1.3505859375" z="14.49609375" a="0" y="-0.0456995964050293"/>
	<child type="Firewood" spawnsecondary="false" x="-0.8603515625" z="14.521484375" a="0" y="-0.07783699035644531"/>
	<child type="DeadRabbit" spawnsecondary="false" x="-1.70703125" z="14.6943359375" a="0" y="-0.02048778533935547"/>
	<child type="Matchbox" spawnsecondary="false" x="-3.078125" z="13.8974609375" a="35.66591262817383" y="0.09064340591430664"/>
	<child type="SKS_Green" spawnsecondary="false" x="-3.25" z="14.06640625" a="35.66591262817383" y="0.07787513732910156"/>
	<child type="Ammo_762x39" spawnsecondary="false" x="-4.1728515625" z="13.6279296875" a="314.36869049072266" y="-0.01575303077697754"/>
	<child type="Ammo_762x39" spawnsecondary="false" x="-4.189453125" z="14.9541015625" a="0" y="-0.16341936588287354"/>
	<child type="Ammo_762x39" spawnsecondary="false" x="-2.5771484375" z="15.0537109375" a="0" y="0.07495856285095215"/>
	<child type="WoolGloves_Tan" spawnsecondary="false" x="-0.748046875" z="15.9482421875" a="327.9555358886719" y="0.009305953979492188"/>
	<child type="StaticObj_Furniture_box_c" spawnsecondary="false" x="-5.0712890625" z="5.376953125" a="0" y="-0.44830453395843506"/>
	<child type="StaticObj_Furniture_radio_b" spawnsecondary="false" x="-3.0712890625" z="15.4921875" a="0" y="0.03431344032287598"/>
	<child type="FishingRod" spawnsecondary="false" x="0.9619140625" z="15.732421875" a="0" y="-0.005967855453491211"/>
	<child type="FishNetTrap" spawnsecondary="false" x="-3.6611328125" z="9.6552734375" a="0" y="-0.17753958702087402"/>
	<child type="Hook" spawnsecondary="false" x="-2.7568359375" z="13.7353515625" a="35.66587448120117" y="0.0001653432846069336"/>
	<child type="Hook" spawnsecondary="false" x="-1.2646484375" z="16.275390625" a="327.95550537109375" y="0.05130577087402344"/>
	<child type="Worm" spawnsecondary="false" x="-2.2080078125" z="11.681640625" a="0" y="-0.16693603992462158"/>
	<child type="Worm" spawnsecondary="false" x="-1.0478515625" z="13.1123046875" a="0" y="-0.14044392108917236"/>
	<child type="Worm" spawnsecondary="false" x="0.0244140625" z="14.8037109375" a="0" y="-0.08837521076202393"/>
	<child type="StaticObj_Slum_Roof4" spawnsecondary="false" x="-3.8232421875" z="15.388671875" a="318.6088562011719" y="0.5728292465209961"/>
	<child type="GiftBox_Medium_4" spawnsecondary="false" x="-3.0185546875" z="16.7783203125" a="0" y="0.18748807907104492"/>
	<child type="GiftBox_Large_2" spawnsecondary="false" x="-5.7568359375" z="15.9482421875" a="0" y="0.3529245853424072"/>
	<child type="GiftBox_Small_2" spawnsecondary="false" x="-3.2880859375" z="18.2685546875" a="0" y="0.25145840644836426"/>
</group>
