Dynamic Mission - Abu Kasir
A tactical team is dispatched to the mountain top southwest of Zvir to locate and eliminate Abu Kasir. Surveillance drones identify a hideout on the peak. At dawn, the team approaches silently, using the rugged terrain for cover. Snipers are positioned to provide overwatch. Upon confirmation of Abu Kasir's presence, the team breaches the hideout with precision, neutralizing guards swiftly. A final room clearance finds Abu Kasir. He is engaged and eliminated with no casualties on our side. The mission is a success, with all operatives exfiltrating safely. The threat from Abu Kasir is neutralized.

Mission:  Locate and eliminate Abu Kasir.


<!-- Event -->
<!-- Mission Abu Kasir -->
<event name="StaticMissionAbuKasir">
	<nominal>1</nominal>
	<min>0</min>
	<max>0</max>
	<lifetime>1800</lifetime>
	<restock>0</restock>
	<saferadius>100</saferadius>
	<distanceradius>10</distanceradius>
	<cleanupradius>1000</cleanupradius>
	<secondary>InfectedTaliban</secondary>
	<flags deletable="1" init_random="0" remove_damaged="0"/>
	<position>fixed</position>
	<limit>child</limit>
	<active>1</active>
	<children/>
</event>
<!-- Spawn -->
<!-- Mission Abu Kasir -->
<event name="StaticMissionAbuKasir">
	<zone smin="0" smax="0" dmin="25" dmax="35" r="30" />
	<pos x="320.95172119140625" z="4620.08203125" a="0" y="139.0971221923828" group="MissionAbuKasir"/>
</event>
<!-- Group -->
<!-- Mission Abu Kasir -->
<group name="MissionAbuKasir">
	<child type="Land_Wreck_sed02_aban1_yellow_DE" lootmax="2" lootmin="1" deloot="0" x="0" z="0" a="286.8036575317383" y="0"/>
	<child type="Land_Wreck_offroad02_aban1_DE" lootmax="2" lootmin="1" spawnsecondary="false" x="8.18060302734375" z="-2.7880859375" a="176.8980712890625" y="0.989898681640625"/>
	<child type="Land_Wreck_V3S_DE" lootmax="2" lootmin="1" spawnsecondary="false" x="-8.71728515625" z="-0.87353515625" a="204.99835205078125" y="0.86688232421875"/>
	<child type="Land_Wreck_V3S_DE" lootmax="2" lootmin="1" spawnsecondary="false" x="50.838714599609375" z="15.94921875" a="44.115238189697266" y="1.6266632080078125"/>
	<child type="Land_Wreck_sed01_aban2_wine_DE" lootmax="2" lootmin="1" spawnsecondary="false" x="13.172760009765625" z="28.1953125" a="323.6478157043457" y="1.107879638671875"/>
	<child type="Land_Wreck_hb02_aban1_blue_DE" lootmax="2" lootmin="1" spawnsecondary="false" x="69.2496337890625" z="28.08349609375" a="81.43495178222656" y="2.165191650390625"/>
	<child type="StaticObj_Misc_SupplyBox1_DE" lootmax="2" lootmin="1" spawnsecondary="false" x="3.96026611328125" z="3.62158203125" a="0" y="-0.1724700927734375"/>
	<child type="StaticObj_Misc_SupplyBox2_DE" lootmax="2" lootmin="1" spawnsecondary="false" x="-0.062591552734375" z="2.53076171875" a="0" y="0.1458892822265625"/>
	<child type="StaticObj_Misc_SupplyBox1_DE" lootmax="2" lootmin="1" spawnsecondary="false" x="-13.492431640625" z="8.01513671875" a="0" y="-0.0727996826171875"/>
	<child type="StaticObj_Misc_SupplyBox2_DE" lootmax="2" lootmin="1" spawnsecondary="false" x="-4.30657958984375" z="-2.392578125" a="0" y="0.175384521484375"/>
	<child type="Land_Misc_DeerStand2" spawnsecondary="false" x="17.54345703125" z="4.7880859375" a="264.09264373779297" y="0.8785552978515625"/>
	<child type="StaticObj_Furniture_library_a" spawnsecondary="false" x="3.6866455078125" z="-15.78173828125" a="5.271313667297363" y="-0.284576416015625"/>
	<child type="Animal_CapraHircus_Spooky" spawnsecondary="false" x="4.332000732421875" z="-13.99462890625" a="0" y="-0.2739410400390625"/>
	<child type="Animal_CapraHircusF" spawnsecondary="false" x="3.334564208984375" z="-10.87841796875" a="165.7968292236328" y="-0.317962646484375"/>
	<child type="StaticObj_Furniture_foldingbed_matress" spawnsecondary="false" x="4.50506591796875" z="-12.74609375" a="196.7070770263672" y="-0.542205810546875"/>
	<child type="StaticObj_Furniture_foldingbed_open" spawnsecondary="false" x="2.076141357421875" z="-14.28564453125" a="0" y="-0.4869232177734375"/>
	<child type="ZmbM_HunterOld_Summer" spawnsecondary="false" x="2.403717041015625" z="-11.53271484375" a="0" y="-0.2232513427734375"/>
	<child type="ZmbM_HunterOld_Summer" spawnsecondary="false" x="2.9500732421875" z="-15.1767578125" a="0" y="-0.2607421875"/>
	<child type="ZmbM_HunterOld_Summer" spawnsecondary="false" x="4.363494873046875" z="-15.31640625" a="0" y="-0.2680511474609375"/>
	<child type="ZmbM_HunterOld_Summer" spawnsecondary="false" x="1.9580078125" z="-12.52734375" a="0" y="-0.23193359375"/>
	<child type="ZmbM_HunterOld_Summer" spawnsecondary="false" x="3.657379150390625" z="-12.21337890625" a="0" y="-0.23126220703125"/>
	<child type="ZmbM_priestPopSkinny" spawnsecondary="false" x="2.923797607421875" z="-13.6650390625" a="186.6652374267578" y="-0.2452850341796875"/>
	<child type="Land_Wall_Gate_Tin6_1" spawnsecondary="false" x="5.8231201171875" z="-14.68017578125" a="275.00635528564453" y="0.4315032958984375"/>
	<child type="Land_Wall_Gate_Tin6_1" spawnsecondary="false" x="4.3193359375" z="-8.99609375" a="0" y="-0.1022186279296875"/>
	<child type="ZmbM_HandymanNormal_Grey" spawnsecondary="false" x="7.77386474609375" z="-15.255859375" a="0" y="-0.240997314453125"/>
	<child type="ZmbM_HandymanNormal_Grey" spawnsecondary="false" x="7.714996337890625" z="-14.38232421875" a="0" y="-0.2276611328125"/>
	<child type="ZmbM_HandymanNormal_Grey" spawnsecondary="false" x="-0.970916748046875" z="-7.51416015625" a="0" y="-0.2458648681640625"/>
	<child type="ZmbM_HandymanNormal_Grey" spawnsecondary="false" x="0.158905029296875" z="-9.9345703125" a="0" y="-0.2723541259765625"/>
	<child type="Land_Wreck_Uaz_DE" lootmax="2" lootmin="1" spawnsecondary="false" x="58.10491943359375" z="23.88330078125" a="59.13389587402344" y="2.120208740234375"/>
	<child type="Land_Wreck_hb01_aban1_green_DE" lootmax="2" lootmin="1" spawnsecondary="false" x="15.107818603515625" z="-2.291015625" a="285.5193099975586" y="0.1343841552734375"/>
	<child type="Land_Wreck_sed02_aban2_red_DE" lootmax="2" lootmin="1" spawnsecondary="false" x="-7.122589111328125" z="5.29638671875" a="284.73778533935547" y="-0.15777587890625"/>
	<child type="ZmbM_HandymanNormal_Grey" spawnsecondary="false" x="3.157989501953125" z="-7.8369140625" a="0" y="-0.2856292724609375"/>
	<child type="Land_Wall_Gate_Tin6_1" spawnsecondary="false" x="3.151885986328125" z="-5.7861328125" a="11.867273330688477" y="0.1614227294921875"/>
	<child type="Animal_CapraHircus_White" spawnsecondary="false" x="5.1168212890625" z="0.25927734375" a="51.079833984375" y="-0.8088531494140625"/>
	<child type="Animal_CapraHircus_Spooky" spawnsecondary="false" x="8.005279541015625" z="2.60791015625" a="0" y="-0.0801239013671875"/>
</group>
