Dynamic Mission - Lost

A helicopter went off the radar. Search the area between Tulga and Msta, focusing on dense forests and elevated terrain. Utilize thermal imaging drones and coordinate with local authorities for a ground search. Check for any radio signals or emergency transponders. Monitor weather conditions and mobilize rescue teams promptly. Time is crucial to locate possible survivors and ensure their safety.

Mission: Locate the helicopter / Search for possible survivors


<!-- Event -->
<!-- Mission Lost -->
<event name="StaticMissionLost">
	<nominal>1</nominal>
	<min>0</min>
	<max>0</max>
	<lifetime>1800</lifetime>
	<restock>0</restock>
	<saferadius>100</saferadius>
	<distanceradius>10</distanceradius>
	<cleanupradius>1000</cleanupradius>
	<!-- <secondary>InfectedArmy</secondary> -->
	<flags deletable="1" init_random="0" remove_damaged="0"/>
	<position>fixed</position>
	<limit>child</limit>
	<active>1</active>
	<children/>
</event>
<!-- Spawn -->
<!-- Mission Lost -->
<event name="StaticMissionLost">
	<zone smin="0" smax="0" dmin="1" dmax="1" r="20" />
	<pos x="11926.5703125" z="4869.583984375" a="0" y="151.6700897216797" group="MissionLost"/>
</event>
<!-- Group -->
<!-- Mission Lost -->
<group name="MissionLost">
	<child type="Wreck_Mi8" deloot="0" lootmax="3" lootmin="1" x="0" z="0" a="130.27581787109375" y="0"/>
	<child type="SKS_Green" spawnsecondary="false" x="-2.044921875" z="2.0703125" a="0" y="-1.695098876953125"/>
	<child type="Ammo_762x39" spawnsecondary="false" x="-1.7099609375" z="1.814453125" a="0" y="-1.7063446044921875"/>
	<child type="Ammo_762x39" spawnsecondary="false" x="-1.85546875" z="1.822265625" a="0" y="-1.6944427490234375"/>
	<child type="Ammo_762x39" spawnsecondary="false" x="-1.7890625" z="1.873046875" a="0" y="-1.7088623046875"/>
	<child type="Ammo_762x39" spawnsecondary="false" x="-1.8134765625" z="1.95654296875" a="0" y="-1.7203216552734375"/>
	<child type="Ammo_762x39" spawnsecondary="false" x="-1.697265625" z="1.93115234375" a="0" y="-1.7265167236328125"/>
	<child type="PUScopeOptic" spawnsecondary="false" x="-1.251953125" z="5.482421875" a="325.5808639526367" y="-1.612579345703125"/>
	<child type="StaticObj_Forest_HumanSkeleton" spawnsecondary="false" x="-7.2724609375" z="4.359375" a="325.5808639526367" y="-1.5098419189453125"/>
	<child type="ZSh3PilotHelmet_Green" spawnsecondary="false" x="-7.7568359375" z="4.86181640625" a="325.5808639526367" y="-1.4779510498046875"/>
	<child type="M65Jacket_Khaki" spawnsecondary="false" x="-7.30078125" z="4.27099609375" a="228.08773803710938" y="-1.62921142578125"/>
	<child type="CargoPants_Beige" spawnsecondary="false" x="-7.0634765625" z="3.46533203125" a="0" y="-1.4215545654296875"/>
	<child type="JungleBoots_Brown" spawnsecondary="false" x="-6.49609375" z="4.1923828125" a="0" y="-1.6535491943359375"/>
	<child type="StaticObj_Forest_HumanSkeleton" spawnsecondary="false" x="-0.0927734375" z="-2.4677734375" a="163.34715270996094" y="-1.185516357421875"/>
	<child type="StaticObj_Forest_HumanSkeleton" spawnsecondary="false" x="-3.3291015625" z="2.26708984375" a="0" y="-1.71954345703125"/>
	<child type="NylonKnifeSheath" spawnsecondary="false" x="-4.3623046875" z="-0.6025390625" a="0" y="-1.0154876708984375"/>
	<child type="CombatKnife" spawnsecondary="false" x="-4.126953125" z="-0.42724609375" a="0" y="-1.0510711669921875"/>
	<child type="MilitaryBelt" spawnsecondary="false" x="-1.10546875" z="6.9873046875" a="0" y="-2.3314056396484375"/>
	<child type="HighCapacityVest_Olive" spawnsecondary="false" x="6.8154296875" z="0.1982421875" a="0" y="-1.8843536376953125"/>
	<child type="TacticalGloves_Beige" spawnsecondary="false" x="4.970703125" z="-0.9150390625" a="0" y="-1.6253662109375"/>
	<child type="SpaghettiCan_Opened" spawnsecondary="false" x="3.0380859375" z="0.78515625" a="0" y="-1.89495849609375"/>
	<child type="Lunchmeat_Opened" spawnsecondary="false" x="-2.3330078125" z="4.8896484375" a="0" y="-2.145660400390625"/>
	<child type="PeachesCan_Opened" spawnsecondary="false" x="-1.298828125" z="6.6826171875" a="0" y="-2.45672607421875"/>
	<child type="Matchbox" spawnsecondary="false" x="-0.1591796875" z="-2.14208984375" a="0" y="-1.11865234375"/>
	<child type="SalineBagIV" spawnsecondary="false" x="0.646484375" z="-2.82958984375" a="0" y="-1.146026611328125"/>
	<child type="AssaultBag_Green" spawnsecondary="false" x="-2.041015625" z="-3.26025390625" a="0" y="-0.7791290283203125"/>
	<child type="ZmbM_CommercialPilotOld_Brown" spawnsecondary="false" x="-9.1904296875" z="3.49658203125" a="0" y="-1.34375"/>
	<child type="ZmbM_CommercialPilotOld_Olive" spawnsecondary="false" x="2.2802734375" z="5.0869140625" a="72.743896484375" y="-2.52520751953125"/>
</group>
