Dynamic Mission - Kill Pablo

Target identified: Pablo, world's most dangerous cartel leader. Surveillance intel obtained. West of Pavlovo in his residence hidden in the woods. Mission: locate and eliminate. Approach: strategic infiltration, precise execution. Utilize covert tactics, leverage network assets. Neutralize threats, secure objective. Ensure minimal collateral damage. Deploy specialized operatives, employ advanced technology. Execute swiftly, evade detection. Prioritize mission success, protect civilian safety. End Pablo's reign of terror, disrupt cartel operations. Mission parameters: locate, terminate, extract. Execute with precision and determination. Swift action required. Proceed with utmost caution. Success imperative. Mission commencing.

Mission: Locate and elimate Pablo


<!-- Event -->
<!-- Mission Kill Pablo -->
<event name="InfectedCartel">
    <nominal>50</nominal>
    <min>25</min>
    <max>500</max>
    <lifetime>3</lifetime>
    <restock>0</restock>
    <saferadius>100</saferadius>
    <distanceradius>50</distanceradius>
    <cleanupradius>100</cleanupradius>
    <flags deletable="0" init_random="0" remove_damaged="1"/>
    <position>fixed</position>
    <limit>custom</limit>
    <active>1</active>
    <children>
        <child lootmax="5" lootmin="0" max="0" min="5" type="ZmbM_HandymanNormal_Grey"/>
		<child lootmax="5" lootmin="0" max="0" min="15" type="ZmbM_HermitSkinny_Black"/>
        <child lootmax="5" lootmin="0" max="0" min="10" type="ZmbM_PatrolNormal_Summer"/>
		<child lootmax="5" lootmin="0" max="0" min="15" type="ZmbM_FishermanOld_Grey"/>
		<child lootmax="5" lootmin="0" max="0" min="10" type="ZmbM_FarmerFat_Brown"/>
		<child lootmax="5" lootmin="0" max="0" min="15" type="ZmbM_PrisonerSkinny"/>
		<child lootmax="5" lootmin="0" max="0" min="10" type="ZmbM_HunterOld_Spring"/>
		<child lootmax="5" lootmin="0" max="0" min="5" type="ZmbM_PolicemanFat"/>
		<child lootmax="5" lootmin="0" max="0" min="5" type="ZmbF_PoliceWomanNormal"/>
		<child lootmax="5" lootmin="0" max="0" min="10" type="ZmbM_HikerSkinny_Green"/>
    </children>
</event>
<event name="StaticMissionPablo">
	<nominal>1</nominal>
	<min>0</min>
	<max>0</max>
	<lifetime>1800</lifetime>
	<restock>0</restock>
	<saferadius>100</saferadius>
	<distanceradius>10</distanceradius>
	<cleanupradius>1000</cleanupradius>
	<secondary>InfectedCartel</secondary>
	<flags deletable="1" init_random="0" remove_damaged="0"/>
	<position>fixed</position>
	<limit>child</limit>
	<active>1</active>
	<children/>
</event>
<!-- Spawn -->
<!-- Mission Kill Pablo -->
<event name="StaticMissionPablo">
	<zone smin="0" smax="0" dmin="25" dmax="35" r="30" />
	<pos x="251.1230926513672" z="3757.533447265625" a="0" y="64.27590942382812" group="MissionPablo"/>
</event>
<!-- Group -->
<!-- Mission Kill Pablo -->
<group name="MissionPablo">
	<child type="Land_Wreck_sed01_aban2_white_DE" deloot="0" lootmax="2" lootmin="1" x="0" z="0" a="69.97604370117188" y="0"/>
	<child type="Land_Wreck_hb01_aban2_green_DE" lootmax="2" lootmin="1" spawnsecondary="false" x="2.505950927734375" z="7.54345703125" a="318.12984466552734" y="0.387237548828125"/>
	<child type="Land_Wreck_sed02_aban1_grey_DE" lootmax="2" lootmin="1" spawnsecondary="false" x="-1.6817626953125" z="6.47998046875" a="312.7048988342285" y="0.30280303955078125"/>
	<child type="Land_Wreck_V3S_DE" lootmax="2" lootmin="1" spawnsecondary="false" x="15.220291137695312" z="8.417236328125" a="72.87276458740234" y="0.996856689453125"/>
	<child type="Land_Wreck_V3S_DE" lootmax="2" lootmin="1" spawnsecondary="false" x="17.982254028320312" z="13.995849609375" a="65.48173522949219" y="0.8488922119140625"/>
	<child type="Land_Wreck_offroad02_aban2_DE" lootmax="2" lootmin="1" spawnsecondary="false" x="9.194778442382812" z="19.394775390625" a="325.1037788391113" y="1.1604461669921875"/>
	<child type="Land_Wreck_offroad02_aban1_DE" lootmax="2" lootmin="1" spawnsecondary="false" x="11.567916870117188" z="23.59716796875" a="305.6249694824219" y="1.333526611328125"/>
	<child type="StaticObj_Garbage_GroundSq_3m_NoLC" spawnsecondary="false" x="7.8265838623046875" z="14.443359375" a="0" y="-0.4172248840332031"/>
	<child type="StaticObj_Garbage_Pile6" spawnsecondary="false" x="12.413589477539062" z="28.842041015625" a="0" y="-0.6485519409179688"/>
	<child type="StaticObj_Garbage_Pile7" spawnsecondary="false" x="22.329483032226562" z="19.357177734375" a="0" y="-0.16681671142578125"/>
	<child type="StaticObj_Garbage_Pile7" spawnsecondary="false" x="5.5137481689453125" z="13.361328125" a="272.2843322753906" y="-0.145721435546875"/>
	<child type="StaticObj_Garbage_Pile1" spawnsecondary="false" x="12.197677612304688" z="2.330078125" a="0" y="-0.01605224609375"/>
	<child type="StaticObj_Garbage_Container_Plastic" spawnsecondary="false" x="7.4481048583984375" z="0.99951171875" a="0" y="-0.2848930358886719"/>
	<child type="StaticObj_Garbage_Container2_Open" spawnsecondary="false" x="7.7907867431640625" z="10.94873046875" a="0" y="-0.07735443115234375"/>
	<child type="StaticObj_Garbage_Ground_6m_NoLC" spawnsecondary="false" x="16.387619018554688" z="16.771728515625" a="0" y="-0.6143646240234375"/>
	<child type="StaticObj_Furniture_bag_DZ" spawnsecondary="false" x="22.827774047851562" z="17.86572265625" a="0" y="-0.3297271728515625"/>
	<child type="StaticObj_Furniture_bag_DZ" spawnsecondary="false" x="21.651504516601562" z="18.1943359375" a="0" y="-0.3138465881347656"/>
	<child type="StaticObj_Garbage_Pile4" spawnsecondary="false" x="19.212661743164062" z="21.6240234375" a="0" y="-0.08011627197265625"/>
	<child type="ZmbM_Santa" spawnsecondary="false" x="1.5748291015625" z="16.083740234375" a="288.54801177978516" y="-0.1699676513671875"/>
	<child type="Animal_CanisLupus_White" spawnsecondary="false" x="0.7231292724609375" z="15.96484375" a="0" y="-0.16185760498046875"/>
</group>
