Dynamic Mission - Missing
The general's daughter went missing southeast of Dubrovka while driving with her uncle. Reports indicate a pack of wolves spotted in the area. The car might be found along the road in the vicinity of the sighting. Search nearby woods and trails immediately for the daughter.

Mission: Locate the car / Find the daughter


<!-- Event -->
<!-- Mission Missing -->
<event name="StaticMissionMissing">
	<nominal>1</nominal>
	<min>0</min>
	<max>0</max>
	<lifetime>1800</lifetime>
	<restock>0</restock>
	<saferadius>100</saferadius>
	<distanceradius>10</distanceradius>
	<cleanupradius>1000</cleanupradius>
	<!-- <secondary>InfectedArmy</secondary> -->
	<flags deletable="1" init_random="0" remove_damaged="0"/>
	<position>fixed</position>
	<limit>child</limit>
	<active>1</active>
	<children/>
</event>
<!-- Spawn -->
<!-- Mission Missing -->
<event name="StaticMissionMissing">
	<zone smin="0" smax="0" dmin="1" dmax="1" r="20" />
	<pos x="10661.0517578125" z="9475.9599609375" a="0" y="124.29633331298828" group="MissionMissing"/>
</event>
<!-- Group -->
<!-- Mission Missing -->
<group name="MissionMissing">
	<child type="Land_Wreck_Lada_Red" deloot="0" lootmax="3" lootmin="1" x="0" z="0" a="164.75384521484375" y="0"/>
	<child type="Bear_Pink" spawnsecondary="false" x="-1.5048828125" z="-3.3984375" a="0" y="-0.3278350830078125"/>
	<child type="StaticObj_Forest_HumanSkeleton" spawnsecondary="false" x="-2.634765625" z="-0.2041015625" a="309.59425354003906" y="-0.5644378662109375"/>
	<child type="StaticObj_Forest_HumanSkeleton" spawnsecondary="false" x="-0.4521484375" z="-3.25" a="59.70828628540039" y="-0.41480255126953125"/>
	<child type="Animal_CanisLupus_Grey" spawnsecondary="false" x="-2.0615234375" z="-0.1298828125" a="200.01388549804688" y="-0.6913909912109375"/>
	<child type="Animal_CanisLupus_White" spawnsecondary="false" x="0.2802734375" z="-3.7373046875" a="293.3029251098633" y="-0.47194671630859375"/>
	<child type="ChildBag_Red" spawnsecondary="false" x="-1.224609375" z="-2.830078125" a="0" y="-0.41889190673828125"/>
	<child type="Skirt_White" spawnsecondary="false" x="-0.779296875" z="-3.61328125" a="108.56298828125" y="-0.386810302734375"/>
	<child type="QuiltedJacket_Red" spawnsecondary="false" x="-0.349609375" z="-3.37890625" a="239.03636932373047" y="-0.44966888427734375"/>
	<child type="HikingBoots_Brown" spawnsecondary="false" x="-0.9443359375" z="-1.4033203125" a="0" y="-0.5387191772460938"/>
	<child type="HunterPants_Autumn" spawnsecondary="false" x="-2.578125" z="1.06640625" a="0" y="-0.64813232421875"/>
	<child type="HuntingJacket_Summer" spawnsecondary="false" x="-3.62890625" z="-0.376953125" a="0" y="-0.5631027221679688"/>
	<child type="RadarCap_Green" spawnsecondary="false" x="-3.2998046875" z="0.7451171875" a="0" y="-0.700439453125"/>
	<child type="SodaCan_Kvass" spawnsecondary="false" x="-2.62109375" z="0.560546875" a="0" y="-0.735076904296875"/>
	<child type="SodaCan_Kvass" spawnsecondary="false" x="-1.4013671875" z="0.4951171875" a="0" y="-0.7561111450195312"/>
	<child type="SodaCan_Spite" spawnsecondary="false" x="-1.181640625" z="-3.3271484375" a="0" y="-0.36865997314453125"/>
	<child type="PeachesCan_Opened" spawnsecondary="false" x="-1.4609375" z="1.2431640625" a="0" y="-0.8253555297851562"/>
	<child type="PorkCan_Opened" spawnsecondary="false" x="-2.9306640625" z="-0.59375" a="0" y="-0.574676513671875"/>
	<child type="PorkCan_Opened" spawnsecondary="false" x="-1.8115234375" z="-1.4150390625" a="0" y="-0.5157470703125"/>
	<child type="Animal_CanisLupus_White" spawnsecondary="false" x="-3.234375" z="-3.6201171875" a="200.73033142089844" y="-0.4040985107421875"/>
	<child type="MP5k_StockBttstck" spawnsecondary="false" x="1.8583984375" z="-2.0302734375" a="0" y="-0.5057907104492188"/>
	<child type="MP5_PlasticHndgrd" spawnsecondary="false" x="1.849609375" z="0.1259765625" a="0" y="-0.6009292602539062"/>
	<child type="Mag_MP5_30Rnd" spawnsecondary="false" x="1.9296875" z="-1.044921875" a="0" y="-0.605682373046875"/>
	<child type="Mag_MP5_30Rnd" spawnsecondary="false" x="0.86328125" z="-3.265625" a="0" y="-0.40242767333984375"/>
	<child type="MP5K" spawnsecondary="false" x="2.4619140625" z="-0.9853515625" a="0" y="-0.37622833251953125"/>
</group>
