Dynamic Mission - Moonshine

In the northeast, an old lumber mill serves as a hidden base for a cartel's brutal human trafficking operation. The mill is heavily guarded, with cartel members patrolling the area and keeping women hostage. A team of operatives is dispatched to the site. They silently infiltrate the mill, using the element of surprise to neutralize the guards. In a coordinated strike, they eliminate the cartel members, ensuring no escape or reinforcements. Once the area is secure, they locate and release the captured women, providing immediate medical and psychological support to the victims. The mission concludes with the mill cleared and the women safely rescued.

Mission: Locate the lumber mill / Eliminate Cartel members / Rescue Hostages or release them from their misery.




<!-- Event -->
<!-- Mission Moonshine -->
<event name="StaticMissionMoonshine">
	<nominal>1</nominal>
	<min>0</min>
	<max>0</max>
	<lifetime>1800</lifetime>
	<restock>0</restock>
	<saferadius>100</saferadius>
	<distanceradius>10</distanceradius>
	<cleanupradius>1000</cleanupradius>
	<secondary>InfectedCartel</secondary>
	<flags deletable="1" init_random="0" remove_damaged="0"/>
	<position>fixed</position>
	<limit>child</limit>
	<active>1</active>
	<children/>
</event>
<!-- Spawn -->
<!-- Mission Moonshine -->
<event name="StaticMissionMoonshine">
	<zone smin="0" smax="0" dmin="25" dmax="35" r="40" />
	<pos x="12674.15625" z="14753.3623046875" a="0" y="104.5700454711914" group="MissionMoonshine"/>
</event>
<!-- Group -->
<!-- Mission Moonshine -->
<group name="MissionMoonshine">
	<child type="Land_Container_1Bo_DE" lootmax="2" lootmin="1" x="0" z="0" a="10.180452346801758" y="0"/>
	<child type="Land_Container_1Aoh_DE" lootmax="2" lootmin="1" spawnsecondary="false" x="-7.7978515625" z="-6.904296875" a="0" y="0.03050994873046875"/>
	<child type="Land_Container_1Mo_DE" lootmax="2" lootmin="1" spawnsecondary="false" x="2.1083984375" z="6.9921875" a="99.79778289794922" y="0.0573883056640625"/>
	<child type="Land_Container_1Aoh_DE" lootmax="2" lootmin="1" spawnsecondary="false" x="-25.9560546875" z="22.359375" a="299.40747451782227" y="0.36745452880859375"/>
	<child type="Land_Container_1Moh_DE" lootmax="2" lootmin="1" spawnsecondary="false" x="-22.634765625" z="27.8466796875" a="310.3423767089844" y="0.5560531616210938"/>
	<child type="Land_Container_1Mo_DE" lootmax="2" lootmin="1" spawnsecondary="false" x="-20.072265625" z="29.9814453125" a="308.3632507324219" y="0.7044830322265625"/>
	<child type="Land_Wreck_Ikarus_DE" lootmax="2" lootmin="1" spawnsecondary="false" x="31.650390625" z="8.0107421875" a="282.24430084228516" y="0.75775146484375"/>
	<child type="Land_wreck_truck01_aban2_firetruck_DE" lootmax="2" lootmin="1" spawnsecondary="false" x="-19.8466796875" z="-3.771484375" a="68.06844329833984" y="-1.1303329467773438"/>
	<child type="Land_wreck_truck01_aban2_firetruck_DE" lootmax="2" lootmin="1" spawnsecondary="false" x="-22.6171875" z="2.31640625" a="68.06844329833984" y="-1.1201858520507812"/>
	<child type="Land_Wreck_V3S_DE" lootmax="2" lootmin="1" spawnsecondary="false" x="15.4521484375" z="16.888671875" a="262.4372787475586" y="1.0130157470703125"/>
	<child type="Land_Wreck_V3S_DE" lootmax="2" lootmin="1" spawnsecondary="false" x="-5.7978515625" z="29.302734375" a="289.1927947998047" y="1.176177978515625"/>
	<child type="Land_Wreck_hb02_aban2_black_DE" lootmax="2" lootmin="1" spawnsecondary="false" x="-6.2255859375" z="5.4736328125" a="177.42738342285156" y="-0.41119384765625"/>
	<child type="Land_Wreck_sed01_aban1_wine_DE" lootmax="2" lootmin="1" spawnsecondary="false" x="-17.1875" z="13.06640625" a="226.004150390625" y="-0.31914520263671875"/>
	<child type="Land_Wreck_sed02_aban2_yellow_DE" lootmax="2" lootmin="1" spawnsecondary="false" x="23.4501953125" z="14.4873046875" a="290.76998138427734" y="0.06396484375"/>
	<child type="Land_Wreck_sed02_aban2_red_DE" lootmax="2" lootmin="1" spawnsecondary="false" x="43.4306640625" z="6.5048828125" a="279.0976333618164" y="0.612701416015625"/>
	<child type="Land_Wreck_hb01_aban1_white_DE" lootmax="2" lootmin="1" spawnsecondary="false" x="-8.921875" z="15.6796875" a="264.18946838378906" y="0.07669830322265625"/>
	<child type="Land_Wall_BackAlley_01_l_gate_F" spawnsecondary="false" x="16.1962890625" z="-18.6376953125" a="207.94680786132812" y="1.102447509765625"/>
	<child type="Land_Wall_BackAlley_01_l_gate_F" spawnsecondary="false" x="13.5380859375" z="-17.1748046875" a="207.94680786132812" y="1.1334228515625"/>
	<child type="Land_Wall_Gate_Tin6_1" spawnsecondary="false" x="24.322265625" z="4.4619140625" a="207.07830810546875" y="0.19217681884765625"/>
	<child type="Land_Wall_Gate_Tin6_1" spawnsecondary="false" x="27.0615234375" z="3.0380859375" a="207.07830810546875" y="0.174224853515625"/>
	<child type="StaticObj_Furniture_postel_panelak1" spawnsecondary="false" x="20.8779296875" z="-11.806640625" a="0" y="-0.6099166870117188"/>
	<child type="StaticObj_Furniture_almara_open" spawnsecondary="false" x="19.369140625" z="-19.125" a="174.6244659423828" y="-0.5353012084960938"/>
	<child type="StaticObj_Furniture_hospital_bench" spawnsecondary="false" x="21.6357421875" z="-14.7138671875" a="117.78795623779297" y="-0.5773239135742188"/>
	<child type="StaticObj_Furniture_Vojenska_palanda" spawnsecondary="false" x="21.546875" z="3.923828125" a="114.97140502929688" y="-0.5586700439453125"/>
	<child type="StaticObj_Furniture_Vojenska_palanda" spawnsecondary="false" x="20.6806640625" z="2.1396484375" a="114.97140502929688" y="-0.590087890625"/>
	<child type="StaticObj_Furniture_Vojenska_palanda" spawnsecondary="false" x="19.7080078125" z="0.5419921875" a="114.97140502929688" y="-0.5486679077148438"/>
	<child type="StaticObj_Furniture_office_chair" spawnsecondary="false" x="18.9287109375" z="-3.2080078125" a="350.00536823272705" y="0.05755615234375"/>
	<child type="StaticObj_Furniture_postel_manz_kov" spawnsecondary="false" x="16.6142578125" z="-5.28515625" a="350.00531101226807" y="-0.6495361328125"/>
	<child type="StaticObj_Furniture_SofaCorner" spawnsecondary="false" x="16.5615234375" z="-8.150390625" a="102.30123901367188" y="-0.22605133056640625"/>
	<child type="StaticObj_Furniture_lobby_chair" spawnsecondary="false" x="18.0458984375" z="-6.677734375" a="55.560997009277344" y="-0.5598220825195312"/>
	<child type="StaticObj_Furniture_foldingbed_open" spawnsecondary="false" x="20.560546875" z="-2.1591796875" a="202.60398864746094" y="-0.5214462280273438"/>
	<child type="StaticObj_Furniture_table_drawer" spawnsecondary="false" x="17.015625" z="-7.7734375" a="0" y="-0.8257217407226562"/>
	<child type="StaticObj_Furniture_postel_manz_kov" spawnsecondary="false" x="32.576171875" z="-3.1240234375" a="297.1498794555664" y="-1.3726425170898438"/>
	<child type="StaticObj_Furniture_kitchen_table_a" spawnsecondary="false" x="24.2607421875" z="-5.669921875" a="0" y="-0.5698471069335938"/>
	<child type="StaticObj_Furniture_lab_sink" spawnsecondary="false" x="27.013671875" z="-4.2109375" a="298.6176071166992" y="-0.51092529296875"/>
	<child type="StaticObj_Furniture_bag_DZ" spawnsecondary="false" x="26.234375" z="-2.7275390625" a="0" y="-0.0741119384765625"/>
	<child type="BloodSyringe" spawnsecondary="false" x="19.634765625" z="-1.71484375" a="0" y="-0.46404266357421875"/>
	<child type="ClearSyringe" spawnsecondary="false" x="20.8955078125" z="0.9091796875" a="0" y="-0.42887115478515625"/>
	<child type="ClearSyringe" spawnsecondary="false" x="22.3955078125" z="-0.0908203125" a="0" y="-0.42887115478515625"/>
	<child type="BloodSyringe" spawnsecondary="false" x="22.1982421875" z="1.9482421875" a="202.28106689453125" y="-0.46404266357421875"/>
	<child type="BloodSyringe" spawnsecondary="false" x="22.1015625" z="2.53125" a="106.08116912841797" y="-0.46404266357421875"/>
	<child type="ClearSyringe" spawnsecondary="false" x="19.0322265625" z="-5.130859375" a="0" y="-0.4296722412109375"/>
	<child type="BloodSyringe" spawnsecondary="false" x="18.5556640625" z="-3.8291015625" a="0" y="-0.41839599609375"/>
	<child type="Bear_Pink" spawnsecondary="false" x="19.6708984375" z="-4.26953125" a="0" y="0.2782135009765625"/>
	<child type="Syringe" spawnsecondary="false" x="24.4208984375" z="-3.623046875" a="0" y="-0.410491943359375"/>
	<child type="ClearSyringe" spawnsecondary="false" x="23.4716796875" z="-7.8134765625" a="0" y="-0.4475860595703125"/>
	<child type="BloodSyringe" spawnsecondary="false" x="22.5390625" z="-5.771484375" a="0" y="-0.4236602783203125"/>
	<child type="StaticObj_Misc_Bench6" spawnsecondary="false" x="25.5185546875" z="-6.2880859375" a="107.16173553466797" y="-0.1506500244140625"/>
	<child type="StaticObj_Furniture_fridge" spawnsecondary="false" x="24.4345703125" z="-8.109375" a="0" y="-0.5035934448242188"/>
	<child type="Refridgerator" spawnsecondary="false" x="23.5830078125" z="-8.4833984375" a="129.4005126953125" y="-0.484283447265625"/>
	<child type="ClearSyringe" spawnsecondary="false" x="31.6591796875" z="-2.76953125" a="0" y="-1.097259521484375"/>
	<child type="BloodSyringe" spawnsecondary="false" x="31.2783203125" z="-1.6982421875" a="0" y="-1.0745010375976562"/>
	<child type="BloodSyringe" spawnsecondary="false" x="30.513671875" z="-4.224609375" a="0" y="-1.0576553344726562"/>
	<child type="ZmbF_ShortSkirt_grey" spawnsecondary="false" x="24.373046875" z="-4.1875" a="0" y="-0.4519500732421875"/>
	<child type="ZmbF_ShortSkirt_checks" spawnsecondary="false" x="22.033203125" z="-0.556640625" a="72.15789031982422" y="-0.45494842529296875"/>
	<child type="ZmbF_ShortSkirt_beige" spawnsecondary="false" x="22.1201171875" z="-7.6396484375" a="0" y="-0.42694091796875"/>
	<child type="ZmbF_Clerk_Normal_White" spawnsecondary="false" x="26.0302734375" z="-1.416015625" a="0" y="-0.4676361083984375"/>
	<child type="ZmbF_Clerk_Normal_White" spawnsecondary="false" x="23.4091796875" z="1.9970703125" a="162.02003479003906" y="-0.46268463134765625"/>
	<child type="ZmbF_SkaterYoung_Violet" spawnsecondary="false" x="25.1953125" z="2.3115234375" a="189.5886688232422" y="-0.481201171875"/>
	<child type="ZmbF_CitizenBSkinny" spawnsecondary="false" x="31.7041015625" z="-0.291015625" a="236.89929962158203" y="-1.0801849365234375"/>
	<child type="ZmbF_JournalistNormal_Green" spawnsecondary="false" x="29.705078125" z="-3.880859375" a="0" y="-1.0592041015625"/>
	<child type="ZmbF_Clerk_Normal_Blue" spawnsecondary="false" x="30.482421875" z="-2.8447265625" a="0" y="-1.189788818359375"/>
	<child type="ZmbM_FarmerFat_Brown" spawnsecondary="false" x="19.9267578125" z="-15.2724609375" a="0" y="-0.4711761474609375"/>
	<child type="ZmbM_FarmerFat_Green" spawnsecondary="false" x="16.283203125" z="-10.0830078125" a="0" y="-0.48807525634765625"/>
	<child type="Land_Misc_Toilet_Mobile" spawnsecondary="false" x="12.2509765625" z="-14.890625" a="268.60845947265625" y="0.7199020385742188"/>
	<child type="Land_Misc_Toilet_Mobile" spawnsecondary="false" x="27.71484375" z="1.4189453125" a="70.76789093017578" y="0.7117843627929688"/>
	<child type="StaticObj_Misc_Pallets3" spawnsecondary="false" x="29.23828125" z="-5.3349609375" a="210.692626953125" y="-0.441619873046875"/>
	<child type="StaticObj_Wall_Tin6_2_4" spawnsecondary="false" x="16.15625" z="-17.60546875" a="29.753616333007812" y="0.3501739501953125"/>
</group>
