Mission - Rescue Brian

In the remote wilderness of the North East, hunters have ensnared Brian, a defenseless animal. Moved by compassion, a dedicated team of animal rescuers mobilizes, braving harsh conditions to reach Brian's location. With determination and skill, they navigate through rugged terrain, facing formidable challenges along the way. Finally, they arrive at the hunters' camp under cover of night, executing a daring rescue operation. With stealth and precision, they liberate Brian from captivity, ensuring his safety and freedom. Through their courageous efforts, Brian is returned to his natural habitat, where he can thrive once more, a testament to the power of compassion and resilience.

Mission: Locate the Camp / Destroy all threats / Rescue Brian




<!-- Mission Rescue Brian -->
<event name="StaticMissionRescueBrian">
	<nominal>1</nominal>
	<min>0</min>
	<max>0</max>
	<lifetime>1800</lifetime>
	<restock>0</restock>
	<saferadius>100</saferadius>
	<distanceradius>10</distanceradius>
	<cleanupradius>1000</cleanupradius>
	<secondary>InfectedSolitude</secondary>
	<flags deletable="1" init_random="0" remove_damaged="0"/>
	<position>fixed</position>
	<limit>child</limit>
	<active>1</active>
	<children/>
</event>
<!-- Spawn -->
<!-- Mission Rescue Brian -->
<event name="StaticMissionRescueBrian">
	<zone smin="0" smax="0" dmin="3" dmax="8" r="30" />
	<pos x="14831.6064453125" z="14578.7705078125" a="0" y="72.81461334228516" group="MissionRescueBrian"/>
</event>
<!-- Group -->
<!-- Mission Rescue Brian -->
<group name="MissionRescueBrian">
	<child type="StaticObj_Wall_FenForest_5" deloot="0" lootmax="3" lootmin="1" x="0" z="0" a="102.65052795410156" y="0"/>
	<child type="StaticObj_Wall_FenForest_5" spawnsecondary="false" x="-2.1181640625" z="3.3466796875" a="10.57170581817627" y="0.11545562744140625"/>
	<child type="StaticObj_Wall_FenForest_5" spawnsecondary="false" x="-5.5517578125" z="1.169921875" a="281.9223861694336" y="0.21575927734375"/>
	<child type="Land_Wall_Gate_FenR_Big_Open" spawnsecondary="false" x="-3.3427734375" z="-1.7978515625" a="13.226698875427246" y="0.537384033203125"/>
	<child type="StaticObj_Furniture_bucket" spawnsecondary="false" x="-3.8984375" z="2.123046875" a="0" y="-0.3800048828125"/>
	<child type="Bone" spawnsecondary="false" x="-1.236328125" z="1.353515625" a="0" y="-0.4733123779296875"/>
	<child type="Bone" spawnsecondary="false" x="-4.2998046875" z="1.9326171875" a="0" y="-0.2894744873046875"/>
	<child type="Bone" spawnsecondary="false" x="-2.7421875" z="-0.2431640625" a="0" y="-0.364990234375"/>
	<child type="HumanSteakMeat" spawnsecondary="false" x="-3.623046875" z="2.150390625" a="0" y="-0.3727874755859375"/>
	<child type="StaticObj_Forest_DeerSkeleton_Full" spawnsecondary="false" x="-1.6279296875" z="-0.3681640625" a="0" y="-0.38060760498046875"/>
	<child type="StaticObj_Forest_DeerSkeleton_Pile" spawnsecondary="false" x="-3.7978515625" z="0.294921875" a="0" y="-0.343475341796875"/>
	<child type="Bear_Beige" spawnsecondary="false" x="-1.294921875" z="2.0078125" a="62.4991569519043" y="-0.5358734130859375"/>
	<child type="CZ527_Camo" spawnsecondary="false" x="15.59765625" z="4.1103515625" a="0" y="-0.6476211547851562"/>
	<child type="Mag_CZ527_5rnd" spawnsecondary="false" x="15.0458984375" z="4.0068359375" a="0" y="-0.935211181640625"/>
	<child type="Mag_CZ527_5rnd" spawnsecondary="false" x="15.2177734375" z="3.9619140625" a="0" y="-0.9353179931640625"/>
	<child type="CZ550" spawnsecondary="false" x="-0.8193359375" z="-15.755859375" a="285.8090591430664" y="-0.6183319091796875"/>
	<child type="Mag_CZ550_10rnd" spawnsecondary="false" x="-1.21484375" z="-16.6689453125" a="0" y="-0.6946792602539062"/>
	<child type="Mag_CZ550_10rnd" spawnsecondary="false" x="-1.169921875" z="-16.7373046875" a="0" y="-0.698944091796875"/>
	<child type="Ammo_308Win" spawnsecondary="false" x="-0.7412109375" z="-14.8857421875" a="0" y="-0.6463165283203125"/>
	<child type="Ammo_308Win" spawnsecondary="false" x="-0.7236328125" z="-14.732421875" a="0" y="-0.6452560424804688"/>
	<child type="Ammo_308Win" spawnsecondary="false" x="-0.544921875" z="-14.8564453125" a="0" y="-0.6569595336914062"/>
	<child type="Ammo_308Win" spawnsecondary="false" x="-1.095703125" z="-16.923828125" a="0" y="-0.6593246459960938"/>
	<child type="Ammo_308Win" spawnsecondary="false" x="-0.6064453125" z="-16.2939453125" a="0" y="-0.6726455688476562"/>
	<child type="Ammo_762x39" spawnsecondary="false" x="14.3037109375" z="4.134765625" a="0" y="-0.8962554931640625"/>
	<child type="Ammo_762x39Tracer" spawnsecondary="false" x="14.5703125" z="4.380859375" a="0" y="-0.89556884765625"/>
	<child type="Ammo_762x39" spawnsecondary="false" x="15.5234375" z="3.40625" a="0" y="-0.8981704711914062"/>
	<child type="Ammo_762x39" spawnsecondary="false" x="15.91796875" z="2.8515625" a="0" y="-0.899688720703125"/>
	<child type="Ammo_762x39" spawnsecondary="false" x="13.0751953125" z="2.603515625" a="0" y="-0.90032958984375"/>
	<child type="HunterPants_Brown" spawnsecondary="false" x="13.931640625" z="5.3984375" a="0" y="-0.778472900390625"/>
	<child type="HuntingJacket_Brown" spawnsecondary="false" x="13.1025390625" z="0.4609375" a="0" y="-0.8885040283203125"/>
	<child type="HuntingJacket_Spring" spawnsecondary="false" x="-8.927734375" z="7.431640625" a="0" y="-0.50738525390625"/>
	<child type="HunterPants_Spring" spawnsecondary="false" x="-3.962890625" z="10.1318359375" a="0" y="-0.550384521484375"/>
	<child type="HuntingOptic" spawnsecondary="false" x="-8.1328125" z="6.0986328125" a="0" y="-0.18909454345703125"/>
	<child type="HuntingOptic" spawnsecondary="false" x="12.1318359375" z="-9.9384765625" a="0" y="-0.5997161865234375"/>
	<child type="HuntingVest" spawnsecondary="false" x="14.0458984375" z="-8.541015625" a="0" y="-0.8058700561523438"/>
	<child type="HuntingBag" spawnsecondary="false" x="4.5947265625" z="6.25" a="0" y="-0.5897216796875"/>
	<child type="Ammo_HuntingBolt" spawnsecondary="false" x="3.42578125" z="1.0322265625" a="0" y="-0.9192047119140625"/>
	<child type="Ammo_HuntingBolt" spawnsecondary="false" x="4.9462890625" z="4.5322265625" a="0" y="-0.7778091430664062"/>
	<child type="Ammo_HuntingBolt" spawnsecondary="false" x="0.896484375" z="0.412109375" a="0" y="-0.7459716796875"/>
	<child type="Crossbow" spawnsecondary="false" x="4.6513671875" z="-0.8017578125" a="0" y="-0.7335281372070312"/>
	<child type="JungleBoots_Brown" spawnsecondary="false" x="7.453125" z="-19.61328125" a="0" y="-0.9469223022460938"/>
	<child type="CombatBoots_Brown" spawnsecondary="false" x="-0.037109375" z="-15.048828125" a="0" y="-0.6989364624023438"/>
	<child type="MilitaryBelt" spawnsecondary="false" x="-12.6201171875" z="-9.6240234375" a="0" y="-0.0995635986328125"/>
	<child type="NylonKnifeSheath" spawnsecondary="false" x="-8.7861328125" z="-3.990234375" a="0" y="-0.2862548828125"/>
	<child type="HuntingKnife" spawnsecondary="false" x="-9.001953125" z="-5.8134765625" a="0" y="-0.24103546142578125"/>
	<child type="OKZKCap_Green" spawnsecondary="false" x="11.390625" z="-10.673828125" a="0" y="-0.8039703369140625"/>
	<child type="LeatherHat_Brown" spawnsecondary="false" x="9.974609375" z="-3.390625" a="0" y="-0.749908447265625"/>
	<child type="PetushokHat_Green" spawnsecondary="false" x="4.0537109375" z="-4.236328125" a="0" y="-0.8613128662109375"/>
</group>
