Dynamic Mission - Charly
Under the cover of darkness, approach the police station in the largest northeastern city. Disguise yourself as an officer to gain entry. Locate Charly in the holding cells. Neutralize any guards quietly using a silenced weapon. Once you reach Charly, assess the situation. If he can be safely extracted, lead him out through the back exit to avoid detection. If extraction is impossible, eliminate Charly swiftly and without noise. Ensure no evidence is left behind. Escape via the predetermined route, blending into the night. Mission success relies on stealth and precision. Remember, Charly's silence is paramount.

Mission: Extract Charly / If not possible eliminate


<!-- Event -->
<!-- Mission Charly -->
<event name="StaticMissionCharly">
	<nominal>1</nominal>
	<min>0</min>
	<max>0</max>
	<lifetime>1800</lifetime>
	<restock>0</restock>
	<saferadius>100</saferadius>
	<distanceradius>10</distanceradius>
	<cleanupradius>1000</cleanupradius>
	<secondary>InfectedPolice</secondary>
	<flags deletable="1" init_random="0" remove_damaged="0"/>
	<position>fixed</position>
	<limit>child</limit>
	<active>1</active>
	<children/>
</event>
<!-- Spawn -->
<!-- Mission Charly -->
<event name="StaticMissionCharly">
	<zone smin="0" smax="0" dmin="25" dmax="35" r="40" />
	<pos x="11494.732421875" z="14486.400390625" a="0" y="46.71581268310547" group="MissionCharly"/>
</event>
<!-- Group -->
<!-- Mission Charly -->
<group name="MissionCharly">
	<child type="ZmbM_PrisonerSkinny" deloot="0" lootmax="3" lootmin="1" x="0" z="0" a="110.84858703613281" y="0"/>
	<child type="ZmbM_PolicemanSpecForce" spawnsecondary="false" x="2.1318359375" z="-2.2041015625" a="0" y="-0.026203155517578125"/>
	<child type="ZmbM_PolicemanSpecForce_Heavy" spawnsecondary="false" x="2.548828125" z="-1.3896484375" a="0" y="-0.5760917663574219"/>
	<child type="ZmbF_PoliceWomanNormal" spawnsecondary="false" x="0.802734375" z="-5.8818359375" a="0" y="-0.006465911865234375"/>
	<child type="MP5k_StockBttstck" spawnsecondary="false" x="-3.5791015625" z="-5.6240234375" a="0" y="0.1383514404296875"/>
	<child type="MP5K" spawnsecondary="false" x="-2.9716796875" z="-4.1650390625" a="0" y="0.07613372802734375"/>
	<child type="Mag_MP5_30Rnd" spawnsecondary="false" x="-2.4208984375" z="-6.2734375" a="0" y="0.194854736328125"/>
	<child type="MP5_PlasticHndgrd" spawnsecondary="false" x="-2.408203125" z="-5.0546875" a="0" y="0.13289642333984375"/>
	<child type="AmmoBox_9x19_25rnd" spawnsecondary="false" x="-9.8173828125" z="-6.3974609375" a="0" y="4.567035675048828"/>
	<child type="ZmbM_PolicemanFat" spawnsecondary="false" x="-4.0732421875" z="-4.5517578125" a="0" y="7.592704772949219"/>
	<child type="ZmbM_PolicemanSpecForce_Heavy" spawnsecondary="false" x="-2.1083984375" z="3.4345703125" a="0" y="5.7015380859375"/>
	<child type="ZmbM_PolicemanSpecForce" spawnsecondary="false" x="-7.0556640625" z="-5.3046875" a="0" y="3.762603759765625"/>
	<child type="ZmbM_PolicemanSpecForce_Heavy" spawnsecondary="false" x="-7.1708984375" z="-3.8798828125" a="0" y="3.7766647338867188"/>
	<child type="ZmbM_PolicemanSpecForce_Heavy" spawnsecondary="false" x="-6.2353515625" z="-3.853515625" a="0" y="3.755695343017578"/>
	<child type="ZmbM_PolicemanSpecForce_Heavy" spawnsecondary="false" x="-3.6513671875" z="-1.35546875" a="0" y="3.79888916015625"/>
	<child type="ZmbM_PolicemanSpecForce_Heavy" spawnsecondary="false" x="-1.412109375" z="-1.89453125" a="0" y="3.7509689331054688"/>
	<child type="ZmbM_PolicemanSpecForce_Heavy" spawnsecondary="false" x="1.8505859375" z="-2.8984375" a="0" y="3.7947311401367188"/>
</group>
