Dynamic Mission - Scientists
Northeast of Tisy military base, terrorists have downed helicopters to kidnap scientists for constructing a dirty bomb. Your mission: locate and rescue the scientists. If rescue is not feasible, neutralize all hostiles to prevent the bomb's creation. Operate with caution, ensuring minimal collateral damage. Prioritize the scientists' safety and gather any intelligence on terrorist plans. Use stealth and precision; failure is not an option. Good luck.

Mission: Locate crash site / Eliminate threats / Rescue or neutralise Scientists

<!-- Event -->
<!-- Mission Scientists -->
<event name="StaticMissionScientists">
	<nominal>1</nominal>
	<min>0</min>
	<max>0</max>
	<lifetime>1800</lifetime>
	<restock>0</restock>
	<saferadius>100</saferadius>
	<distanceradius>10</distanceradius>
	<cleanupradius>1000</cleanupradius>
	<secondary>InfectedAmbush</secondary>
	<flags deletable="1" init_random="0" remove_damaged="0"/>
	<position>fixed</position>
	<limit>child</limit>
	<active>1</active>
	<children/>
</event>
<!-- Spawn -->
<!-- Mission Scientists -->
<event name="StaticMissionScientists">
	<zone smin="0" smax="0" dmin="25" dmax="35" r="40" />
	<pos x="2170.550048828125" z="15179.412109375" a="0" y="443.3299560546875" group="MissionScientists"/>
</event>
<!-- Group -->
<!-- Mission Scientists -->
<group name="MissionScientists">
	<child type="StaticObj_Wreck_UH1Y" deloot="0" lootmax="3" lootmin="1" x="0" z="0" a="0" y="0"/>
	<child type="Wreck_UH1Y" spawnsecondary="false" x="14.27490234375" z="26.3193359375" a="0" y="-2.49530029296875"/>
	<child type="Land_wreck_truck01_aban2_green_DE" spawnsecondary="false" x="78.09814453125" z="10.4287109375" a="129.66265869140625" y="-7.3275146484375"/>
	<child type="Land_Wreck_V3S_DE" spawnsecondary="false" x="63.198974609375" z="13.1767578125" a="75.57640075683594" y="-5.140472412109375"/>
	<child type="Land_Wreck_hb01_aban1_blue_DE" spawnsecondary="false" x="58.791259765625" z="24.0107421875" a="65.68071746826172" y="-5.790985107421875"/>
	<child type="Land_Wreck_hb01_aban1_white_DE" spawnsecondary="false" x="89.743408203125" z="-0.580078125" a="134.34913635253906" y="-5.04449462890625"/>
	<child type="Land_Wreck_hb02_aban2_black_DE" spawnsecondary="false" x="55.33935546875" z="32.001953125" a="141.40914916992188" y="-6.20220947265625"/>
	<child type="Land_Wreck_sed02_aban2_red_DE" spawnsecondary="false" x="56.78759765625" z="3.7373046875" a="33.32051086425781" y="-5.542694091796875"/>
	<child type="StaticObj_Wreck_UH1Y" spawnsecondary="false" x="35.605224609375" z="-3.37890625" a="0" y="-1.556915283203125"/>
	<child type="Land_wreck_truck01_aban2_firetruck_DE" spawnsecondary="false" x="67.098876953125" z="18.2978515625" a="88.31590270996094" y="-7.52935791015625"/>
	<child type="Land_Wreck_hb01_aban1_green_DE" spawnsecondary="false" x="49.927978515625" z="15.4150390625" a="78.61760711669922" y="-5.0947265625"/>
	<child type="ZmbF_DoctorSkinny" spawnsecondary="false" x="17.274658203125" z="17.8056640625" a="129.7176971435547" y="-4.006256103515625"/>
	<child type="ZmbF_DoctorSkinny" spawnsecondary="false" x="5.22412109375" z="-2.30859375" a="89.0163803100586" y="-2.0467529296875"/>
	<child type="ZmbM_DoctorFat" spawnsecondary="false" x="17.517822265625" z="6.208984375" a="83.16258239746094" y="-3.138824462890625"/>
	<child type="ZmbM_DoctorFat" spawnsecondary="false" x="31.2939453125" z="-7.5634765625" a="0" y="-2.980865478515625"/>
	<child type="StaticObj_Misc_SupplyBox1_DE" spawnsecondary="false" x="5.071044921875" z="2.75" a="0" y="-1.6055908203125"/>
	<child type="StaticObj_Misc_SupplyBox3_DE" spawnsecondary="false" x="29.3671875" z="-0.79296875" a="0" y="-2.37762451171875"/>
	<child type="StaticObj_Misc_SupplyBox2_DE" spawnsecondary="false" x="11.3681640625" z="17.3251953125" a="0" y="-2.816436767578125"/>
	<child type="StaticObj_Misc_SupplyBox2_DE" spawnsecondary="false" x="9.816650390625" z="0.599609375" a="0" y="-1.535308837890625"/>
	<child type="StaticObj_Misc_SupplyBox1_DE" spawnsecondary="false" x="8.216796875" z="21.244140625" a="0" y="-3.07281494140625"/>
</group>
