Zombie Groups for Dynamic Mission Pack


Add this to events.xml

	 <!-- Zombie Terrorist Clan -->
	 <event name="InfectedTaliban">
	    <nominal>50</nominal>
	    <min>25</min>
	    <max>100</max>
	    <lifetime>3</lifetime>
	    <restock>0</restock>
	    <saferadius>100</saferadius>
	    <distanceradius>10</distanceradius>
	    <cleanupradius>100</cleanupradius>
	    <flags deletable="0" init_random="0" remove_damaged="1"/>
	    <position>fixed</position>
	    <limit>custom</limit>
	    <active>1</active>
	    <children>
	     	<child lootmax="5" lootmin="0" max="0" min="60" type="ZmbM_HandymanNormal_Grey"/>
	       	<child lootmax="5" lootmin="0" max="0" min="20" type="ZmbM_HunterOld_Autumn"/>
	       	<child lootmax="5" lootmin="0" max="0" min="20" type="ZmbM_HunterOld_Summer"/>
	    </children>
	 </event>
	  <!-- Cannibals Zombies-->
	 <event name="InfectedCannibal">
	    <nominal>50</nominal>
	    <min>25</min>
	    <max>100</max>
	    <lifetime>3</lifetime>
	    <restock>0</restock>
	    <saferadius>100</saferadius>
	    <distanceradius>50</distanceradius>
	    <cleanupradius>100</cleanupradius>
	    <flags deletable="0" init_random="0" remove_damaged="1"/>
	    <position>fixed</position>
	    <limit>custom</limit>
	    <active>1</active>
	    <children>
	        <child lootmax="5" lootmin="0" max="0" min="25" type="ZmbM_HermitSkinny_Beige"/>
	        <child lootmax="5" lootmin="0" max="0" min="30" type="ZmbM_HermitSkinny_Black"/>
	        <child lootmax="5" lootmin="0" max="0" min="20" type="ZmbM_HermitSkinny_Green"/>
	        <child lootmax="5" lootmin="0" max="0" min="20" type="ZmbM_HermitSkinny_Red"/>
	        <child lootmax="5" lootmin="0" max="0" min="5" type="ZmbM_Santa"/>
	    </children>
	 </event>
     <!-- Mission Terrorist Ambush -->
     <event name="InfectedAmbush">
		<nominal>50</nominal>
		<min>25</min>
		<max>100</max>
		<lifetime>3</lifetime>
		<restock>0</restock>
		<saferadius>100</saferadius>
		<distanceradius>10</distanceradius>
		<cleanupradius>100</cleanupradius>
		<flags deletable="0" init_random="0" remove_damaged="1"/>
		<position>fixed</position>
		<limit>custom</limit>
		<active>1</active>
		<children>
		   	<child lootmax="5" lootmin="0" max="0" min="30" type="ZmbM_HandymanNormal_Grey"/>
		   	<child lootmax="5" lootmin="0" max="0" min="20" type="ZmbM_HunterOld_Summer"/>
		 	<child lootmax="5" lootmin="0" max="0" min="5" type="ZmbM_usSoldier_Heavy_Woodland"/>
            <child lootmax="5" lootmin="0" max="0" min="10" type="ZmbM_PatrolNormal_Flat"/>
            <child lootmax="5" lootmin="0" max="0" min="10" type="ZmbM_PatrolNormal_PautRev"/>
            <child lootmax="5" lootmin="0" max="0" min="15" type="ZmbM_PatrolNormal_Summer"/>
            <child lootmax="5" lootmin="0" max="0" min="10" type="ZmbM_usSoldier_normal_Woodland"/>
		</children>
     </event>
	 
	 
	 Note:
	 if you want to dress them you can use randompreset and mention the gear and attachements in spawnabletypes.xml
	 
	 cfgrandompreset example:
	 
 	<!-- Cannibal Zombie -->
 	<attachments chance="1.00" name="vestsGROUPNAME">
 		<item name="YOUR VEST" chance="0.10" />
 		<item name="YOUR VEST" chance="0.10" />
 	</attachments>
 	<attachments chance="1.00" name="hatsGROUPNAME">
 		<item name="YOUR HAT" chance="0.10" />
		<item name="YOUR HAT" chance="0.10" />
 	</attachments>
	<attachments chance="1.00" name="glassesGROUPNAME">
		<item name="YOUR GLASSES" chance="1.00" />
	</attachments>
	<attachments chance="1.00" name="bagsGROUPNAME">
		<item name="YOUR BACKPACKS" chance="1.00" />
	</attachments>
     <cargo chance="1.00" name="cargoGROUPNAME">
         <item name="YOUR LOOT" chance="0.04" />
     </cargo>
	 
	 
	 Reference the new presets in your spawnabletypes on the zombie(s) you have choosen in the eventgroup.
	 
     <type name="ZmbM_HermitSkinny_Beige">
          <cargo preset="cargoCannibal" />
 	 	 <cargo preset="cargoGROUPNAME" />>
          <attachments preset="hatsGROUPNAME" />
		  <attachments preset="vestsGROUPNAME" />
          <attachments preset="glassesGROUPNAME" />
		  <attachments preset="bagsGROUPANME" />
     </type>
	 
	 
	 Validate your files, upload and restart!
	 enjoy
	 