<?xml version="1.0" encoding="UTF-8" standalone="yes"?>
<types>
<type name="ClaymoreMine">
        <nominal>5</nominal>
        <lifetime>432000</lifetime>
        <restock>0</restock>
        <min>3</min>
        <quantmin>-1</quantmin>
        <quantmax>-1</quantmax>
        <cost>100</cost>
        <flags count_in_cargo="0" count_in_hoarder="0" count_in_map="1" count_in_player="0" crafted="0" deloot="0" />
        <category name="explosives" />
        <usage name="Military" />
        <value name="Tier3" />
        <value name="Unique" />
    </type>
    <type name="FlashGrenade">
        <nominal>10</nominal>
        <lifetime>14400</lifetime>
        <restock>0</restock>
        <min>5</min>
        <quantmin>-1</quantmin>
        <quantmax>-1</quantmax>
        <cost>100</cost>
        <flags count_in_cargo="0" count_in_hoarder="0" count_in_map="1" count_in_player="0" crafted="0" deloot="0" />
        <category name="explosives" />
        <usage name="Military" />
    </type>
    <type name="Grenade_ChemGas">
        <nominal>8</nominal>
        <lifetime>900</lifetime>
        <restock>0</restock>
        <min>8</min>
        <quantmin>-1</quantmin>
        <quantmax>-1</quantmax>
        <cost>100</cost>
        <flags count_in_cargo="0" count_in_hoarder="0" count_in_map="1" count_in_player="0" crafted="0" deloot="0" />
        <category name="explosives" />
        <usage name="Underground" />
    </type>
    <type name="ImprovisedExplosive">
        <nominal>0</nominal>
        <lifetime>432000</lifetime>
        <restock>0</restock>
        <min>0</min>
        <quantmin>-1</quantmin>
        <quantmax>-1</quantmax>
        <cost>100</cost>
        <flags count_in_cargo="0" count_in_hoarder="0" count_in_map="1" count_in_player="0" crafted="1" deloot="0" />
        <category name="explosives" />
    </type>
    <type name="LandMineTrap">
        <nominal>10</nominal>
        <lifetime>604800</lifetime>
        <restock>0</restock>
        <min>5</min>
        <quantmin>-1</quantmin>
        <quantmax>-1</quantmax>
        <cost>100</cost>
        <flags count_in_cargo="0" count_in_hoarder="0" count_in_map="1" count_in_player="1" crafted="0" deloot="0" />
        <category name="explosives" />
        <usage name="Military" />
        <value name="Tier3" />
    </type>
    <type name="M18SmokeGrenade_Green">
        <nominal>10</nominal>
        <lifetime>14400</lifetime>
        <restock>0</restock>
        <min>5</min>
        <quantmin>-1</quantmin>
        <quantmax>-1</quantmax>
        <cost>100</cost>
        <flags count_in_cargo="0" count_in_hoarder="0" count_in_map="1" count_in_player="0" crafted="0" deloot="0" />
        <category name="explosives" />
        <usage name="Military" />
    </type>
    <type name="M18SmokeGrenade_Purple">
        <nominal>10</nominal>
        <lifetime>14400</lifetime>
        <restock>0</restock>
        <min>5</min>
        <quantmin>-1</quantmin>
        <quantmax>-1</quantmax>
        <cost>100</cost>
        <flags count_in_cargo="0" count_in_hoarder="0" count_in_map="1" count_in_player="0" crafted="0" deloot="0" />
        <category name="explosives" />
        <usage name="Military" />
    </type>
    <type name="M18SmokeGrenade_Red">
        <nominal>10</nominal>
        <lifetime>14400</lifetime>
        <restock>0</restock>
        <min>5</min>
        <quantmin>-1</quantmin>
        <quantmax>-1</quantmax>
        <cost>100</cost>
        <flags count_in_cargo="0" count_in_hoarder="0" count_in_map="1" count_in_player="0" crafted="0" deloot="0" />
        <category name="explosives" />
        <usage name="Military" />
    </type>
    <type name="M18SmokeGrenade_White">
        <nominal>10</nominal>
        <lifetime>14400</lifetime>
        <restock>0</restock>
        <min>5</min>
        <quantmin>-1</quantmin>
        <quantmax>-1</quantmax>
        <cost>100</cost>
        <flags count_in_cargo="0" count_in_hoarder="0" count_in_map="1" count_in_player="0" crafted="0" deloot="0" />
        <category name="explosives" />
        <usage name="Military" />
    </type>
    <type name="M18SmokeGrenade_Yellow">
        <nominal>10</nominal>
        <lifetime>14400</lifetime>
        <restock>0</restock>
        <min>5</min>
        <quantmin>-1</quantmin>
        <quantmax>-1</quantmax>
        <cost>100</cost>
        <flags count_in_cargo="0" count_in_hoarder="0" count_in_map="1" count_in_player="0" crafted="0" deloot="0" />
        <category name="explosives" />
        <usage name="Military" />
    </type>
    <type name="M67Grenade">
        <nominal>15</nominal>
        <lifetime>14400</lifetime>
        <restock>0</restock>
        <min>5</min>
        <quantmin>-1</quantmin>
        <quantmax>-1</quantmax>
        <cost>100</cost>
        <flags count_in_cargo="0" count_in_hoarder="0" count_in_map="1" count_in_player="0" crafted="0" deloot="0" />
        <category name="explosives" />
        <usage name="Military" />
        <value name="Tier3" />
    </type>
    <type name="Plastic_Explosive">
        <nominal>4</nominal>
        <lifetime>432000</lifetime>
        <restock>0</restock>
        <min>1</min>
        <quantmin>-1</quantmin>
        <quantmax>-1</quantmax>
        <cost>100</cost>
        <flags count_in_cargo="0" count_in_hoarder="0" count_in_map="1" count_in_player="0" crafted="0" deloot="0" />
        <category name="explosives" />
        <usage name="Industrial" />
        <value name="Unique" />
    </type>
    <type name="RDG2SmokeGrenade_Black">
        <nominal>10</nominal>
        <lifetime>14400</lifetime>
        <restock>0</restock>
        <min>5</min>
        <quantmin>-1</quantmin>
        <quantmax>-1</quantmax>
        <cost>100</cost>
        <flags count_in_cargo="0" count_in_hoarder="0" count_in_map="1" count_in_player="0" crafted="0" deloot="0" />
        <category name="explosives" />
        <usage name="Military" />
        <usage name="Police" />
    </type>
    <type name="RDG2SmokeGrenade_White">
        <nominal>10</nominal>
        <lifetime>14400</lifetime>
        <restock>0</restock>
        <min>5</min>
        <quantmin>-1</quantmin>
        <quantmax>-1</quantmax>
        <cost>100</cost>
        <flags count_in_cargo="0" count_in_hoarder="0" count_in_map="1" count_in_player="0" crafted="0" deloot="0" />
        <category name="explosives" />
        <usage name="Military" />
        <usage name="Police" />
    </type>
    <type name="RGD5Grenade">
        <nominal>15</nominal>
        <lifetime>14400</lifetime>
        <restock>0</restock>
        <min>5</min>
        <quantmin>-1</quantmin>
        <quantmax>-1</quantmax>
        <cost>100</cost>
        <flags count_in_cargo="0" count_in_hoarder="0" count_in_map="1" count_in_player="0" crafted="0" deloot="0" />
        <category name="explosives" />
        <usage name="Military" />
        <value name="Tier3" />
    </type>
    </types>
