		<cargo chance="0.15" name="toolsHermit">
				<item name="CJ_Key1" chance="0.02" />
				<item name="CJ_Key2" chance="0.03" />
				<item name="CJ_Key3" chance="0.02" />
				<item name="CJ_Key6" chance="0.03" />
				<item name="CJ_Key12" chance="0.01" />
		</cargo>
		<cargo chance="0.15" name="toolsVillage">
				<item name="CJ_Key1" chance="0.02" />
				<item name="CJ_Key2" chance="0.03" />
				<item name="CJ_Key3" chance="0.02" />
				<item name="CJ_Key4" chance="0.02" />
				<item name="CJ_Key6" chance="0.03" />
				<item name="CJ_Key7" chance="0.03" />
				<item name="CJ_Key8" chance="0.03" />
				<item name="CJ_Key12" chance="0.01" />
		</cargo>
		<cargo chance="0.15" name="toolsCity">
				<item name="CJ_Key2" chance="0.03" />
				<item name="CJ_Key3" chance="0.02" />
				<item name="CJ_Key7" chance="0.03" />
				<item name="CJ_Key8" chance="0.03" />
				<item name="CJ_Key12" chance="0.01" />
		</cargo>
		<cargo chance="0.15" name="toolsIndustrial">
				<item name="CJ_Key1" chance="0.02" />
				<item name="CJ_Key2" chance="0.03" />
				<item name="CJ_Key3" chance="0.02" />
				<item name="CJ_Key8" chance="0.03" />
				<item name="CJ_Key12" chance="0.01" />
		</cargo>
		<cargo chance="0.15" name="toolsPolice">
				<item name="CJ_Key1" chance="0.02" />
				<item name="CJ_Key2" chance="0.03" />
				<item name="CJ_Key3" chance="0.02" />
				<item name="CJ_Key4" chance="0.02" />
				<item name="CJ_Key12" chance="0.01" />
		</cargo>
		<cargo chance="0.05" name="mixArmy">
				<item name="CJ_Key1" chance="0.02" />
				<item name="CJ_Key2" chance="0.03" />
				<item name="CJ_Key3" chance="0.02" />
				<item name="CJ_Key4" chance="0.02" />
				<item name="CJ_Key6" chance="0.03" />
				<item name="CJ_Key7" chance="0.03" />
				<item name="CJ_Key8" chance="0.03" />
				<item name="CJ_Key12" chance="0.02" />
		</cargo>