{
  "LCTools": [
    {
      "name": "Lockpick",
      "time": 1200,
      "dmg": 100
    },
    {
      "name": "CJ_Key1",
      "time": 3,
      "dmg": 50
    },
    {
      "name": "CJ_Key2",
      "time": 3,
      "dmg": 25
    },
    {
      "name": "CJ_Key4",
      "time": 3,
      "dmg": 50
    },
    {
      "name": "CJ_Key6",
      "time": 3,
      "dmg": 35
    },
    {
      "name": "CJ_Key7",
      "time": 3,
      "dmg": 35
    },
    {
      "name": "CJ_Key8",
      "time": 3,
      "dmg": 35
    },
    {
      "name": "CJ_Key12",
      "time": 3,
      "dmg": 100
    }
  ]
}